date,day_number,active_users,avg_data_per_user,peak_hour_traffic,video_streaming,voice_calls,iot_devices,network_load,packet_loss,latency_ms
2023-01-01,0,1974,2.12,3514.72,1459.7,127.76,484,42.71,1.93,25.76
2023-01-02,1,1386,3.34,4317.55,2595.43,193.66,193,50.37,2.48,42.85
2023-01-03,2,1995,3.55,5703.12,3220.9,91.09,425,77.84,2.83,81.18
2023-01-04,3,1114,4.91,5346.08,2530.65,154.04,353,65.36,3.19,70.91
2023-01-05,4,1281,4.53,6394.33,3824.12,127.09,234,89.46,4.06,55.37
2023-01-06,5,1472,4.93,6755.47,3828.5,179.36,495,53.71,1.67,45.59
2023-01-07,6,1205,1.62,2013.8,1034.04,157.58,397,70.74,2.64,52.85
2023-01-08,7,1526,3.86,6681.46,3442.42,100.2,217,90.71,0.67,94.41
2023-01-09,8,1949,3.97,8672.69,5514.68,88.71,77,56.11,4.27,83.47
2023-01-10,9,895,0.66,676.56,378.64,117.73,107,57.39,4.09,11.83
2023-01-11,10,834,3.01,2257.96,1420.55,184.57,111,53.52,2.34,74.66
2023-01-12,11,1405,1.95,3002.17,1797.2,145.76,220,58.14,2.37,57.82
2023-01-13,12,1189,1.69,1995.52,852.38,99.34,348,35.47,0.15,87.21
2023-01-14,13,1714,3.98,6042.76,4162.13,157.28,235,50.69,0.18,95.93
2023-01-15,14,1257,1.32,1821.64,1024.77,98.0,129,36.01,3.13,29.99
2023-01-16,15,1326,1.22,1763.43,775.54,98.46,447,83.76,4.71,92.37
2023-01-17,16,1803,3.5,5542.31,3689.7,196.33,72,33.33,1.38,70.35
2023-01-18,17,1284,0.53,791.44,483.4,55.05,195,43.85,1.43,91.6
2023-01-19,18,840,3.5,3066.64,2077.3,93.1,244,57.72,0.2,78.5
2023-01-20,19,1585,3.89,5328.41,2423.42,56.42,120,60.5,4.87,50.46
2023-01-21,20,900,4.15,4446.16,2827.25,122.91,224,67.8,3.86,45.33
2023-01-22,21,1760,1.51,3073.21,1981.98,129.89,442,48.13,0.53,64.71
2023-01-23,22,1095,2.42,2512.45,1150.46,162.63,468,86.99,0.57,11.1
2023-01-24,23,1085,4.91,4619.0,2922.24,167.52,373,94.04,0.62,75.25
2023-01-25,24,1233,0.84,965.49,436.35,73.08,255,59.75,1.32,84.57
2023-01-26,25,1175,3.01,3707.48,1638.82,84.93,181,44.98,2.39,58.24
2023-01-27,26,1303,1.32,1866.91,786.6,128.73,261,43.45,0.09,41.43
2023-01-28,27,802,4.06,3012.29,1438.31,178.28,366,34.83,3.1,34.22
2023-01-29,28,1403,1.94,3182.38,1336.38,189.75,382,51.3,4.95,74.63
2023-01-30,29,1074,3.27,4046.27,2640.18,158.86,393,94.58,3.41,88.74
2023-01-31,30,1447,2.53,2982.99,1895.25,190.84,64,84.26,1.03,77.21
2023-02-01,31,1185,2.02,2063.77,1281.26,57.14,247,44.05,1.9,44.26
2023-02-02,32,1805,4.22,8409.14,3957.0,53.97,100,70.73,2.14,56.73
2023-02-03,33,994,4.37,4891.97,2420.97,107.17,68,79.75,0.83,83.87
2023-02-04,34,1343,4.78,6751.13,2781.57,62.54,355,72.65,0.74,94.19
2023-02-05,35,1824,3.28,5268.06,2252.92,113.73,157,64.14,1.52,11.17
2023-02-06,36,1615,0.64,1075.6,561.03,87.91,112,86.1,3.11,68.95
2023-02-07,37,1969,3.32,6039.62,3565.78,194.93,132,48.4,2.69,88.76
2023-02-08,38,1445,3.42,5388.69,2605.55,177.04,453,74.39,1.04,14.99
2023-02-09,39,1649,3.01,5077.72,2066.47,120.02,117,71.37,2.25,78.36
2023-02-10,40,1658,4.23,6667.02,4022.49,164.5,56,64.51,2.85,93.55
2023-02-11,41,1796,3.9,8117.48,5133.12,164.85,470,60.13,2.35,95.64
2023-02-12,42,1324,2.34,2847.59,1835.36,76.8,56,67.23,0.88,87.09
2023-02-13,43,892,4.48,3291.72,2286.13,151.96,442,92.36,1.76,93.97
2023-02-14,44,1243,1.94,2811.08,1902.34,87.37,202,73.78,1.34,76.64
2023-02-15,45,1932,1.74,3568.52,2180.32,85.97,124,53.77,3.55,58.57
2023-02-16,46,881,4.31,3385.52,2110.46,169.32,246,91.69,3.84,74.04
2023-02-17,47,1087,4.76,4320.28,2189.06,129.31,285,77.71,1.63,58.05
2023-02-18,48,1779,4.05,8223.78,3585.51,56.47,59,57.02,4.66,41.17
2023-02-19,49,1357,2.04,2697.95,1310.29,126.69,454,87.06,2.54,74.31
2023-02-20,50,1982,1.35,2970.45,1798.17,68.9,369,72.79,3.97,83.86
2023-02-21,51,1054,3.1,3456.73,1470.1,76.73,234,43.76,3.56,78.57
2023-02-22,52,1289,4.07,4731.25,3045.64,108.81,50,59.38,1.86,50.6
2023-02-23,53,853,3.83,3430.86,2002.81,88.67,83,55.27,1.89,18.86
2023-02-24,54,863,0.86,767.26,338.01,175.77,181,33.95,3.59,40.66
2023-02-25,55,1097,2.23,2769.37,1720.82,150.24,244,59.09,1.22,37.9
2023-02-26,56,1997,2.66,6062.6,3439.74,69.02,290,50.19,3.12,26.48
2023-02-27,57,1069,1.71,1608.85,1113.57,179.27,279,58.47,2.39,86.32
2023-02-28,58,1686,1.72,2564.48,1622.82,102.06,187,64.91,4.0,23.05
2023-03-01,59,1460,0.8,991.88,560.75,175.62,471,48.0,2.05,37.64
2023-03-02,60,1297,2.55,3222.52,1850.36,140.64,281,67.06,2.17,68.42
2023-03-03,61,1018,3.0,3503.0,2264.0,66.65,283,82.91,3.65,53.69
2023-03-04,62,877,2.59,2623.98,1625.04,170.3,284,49.51,2.49,29.78
2023-03-05,63,1205,0.74,952.65,517.72,106.97,432,78.38,1.03,59.94
2023-03-06,64,1191,3.77,4851.9,2049.7,139.38,325,43.28,3.27,74.38
2023-03-07,65,1153,1.46,1967.47,1268.82,79.69,123,71.59,3.01,79.91
2023-03-08,66,1179,0.97,1009.56,515.31,152.67,71,77.27,4.12,14.6
2023-03-09,67,1601,4.25,7408.97,4993.15,106.21,226,35.16,1.67,52.41
2023-03-10,68,1170,2.15,2216.31,1057.9,113.36,397,31.33,0.03,97.72
2023-03-11,69,1411,4.38,6402.84,3769.41,133.3,253,53.99,4.57,63.16
2023-03-12,70,1127,3.39,3160.63,1388.35,69.28,384,59.38,3.36,43.3
2023-03-13,71,1509,2.7,4325.92,2767.13,153.51,341,55.84,1.64,92.62
2023-03-14,72,1966,0.72,1515.0,834.47,162.75,337,46.34,0.36,15.1
2023-03-15,73,958,3.52,2799.49,1305.34,104.75,372,94.91,1.76,41.87
2023-03-16,74,829,2.72,2583.81,1042.66,131.54,299,37.91,3.82,33.49
2023-03-17,75,1432,1.47,1907.02,952.75,126.62,450,36.06,3.21,42.68
2023-03-18,76,1774,3.69,6117.91,3518.88,60.88,139,41.09,3.71,56.19
2023-03-19,77,1069,3.02,3371.65,2354.27,168.85,323,82.6,1.47,11.46
2023-03-20,78,1627,1.59,2431.26,992.56,82.04,79,68.91,3.53,10.3
2023-03-21,79,1363,4.39,6063.45,2609.82,196.21,223,77.59,0.37,39.87
2023-03-22,80,1066,1.89,1747.75,1200.33,132.74,364,83.96,4.51,25.02
2023-03-23,81,1808,2.44,4712.03,2732.7,154.76,53,93.36,2.53,36.21
2023-03-24,82,1662,3.97,5815.01,2829.68,106.68,430,36.91,1.13,13.31
2023-03-25,83,928,1.81,1598.54,978.36,199.97,240,69.07,2.77,26.22
2023-03-26,84,1772,1.76,2526.6,1191.73,85.93,111,37.93,0.85,63.13
2023-03-27,85,1803,0.77,1468.56,609.61,59.89,216,52.45,3.21,92.2
2023-03-28,86,1221,2.74,3562.24,1519.45,81.0,261,60.32,2.22,59.11
2023-03-29,87,1814,4.59,6882.84,3092.49,165.81,62,34.97,0.04,73.54
2023-03-30,88,1381,1.46,2068.39,1103.47,104.95,368,41.2,1.33,81.26
2023-03-31,89,1258,3.23,4021.32,2733.35,179.92,185,69.2,2.22,63.76
2023-04-01,90,1460,0.62,1055.26,604.7,140.09,163,42.67,4.47,43.43
2023-04-02,91,1343,3.86,4598.19,2018.01,141.01,437,64.82,1.43,50.38
2023-04-03,92,1347,0.56,745.24,364.02,136.55,192,45.84,4.85,90.41
2023-04-04,93,1830,2.48,5000.57,3434.96,98.66,441,61.23,1.5,85.97
2023-04-05,94,1074,1.45,1623.76,1103.65,125.49,71,40.97,3.39,62.09
2023-04-06,95,1549,3.18,5097.43,2407.51,74.19,86,56.89,2.47,24.26
2023-04-07,96,1630,4.13,6784.7,3008.04,57.46,387,56.47,1.47,89.25
2023-04-08,97,1935,1.09,1817.81,1180.98,70.33,175,82.21,1.29,66.13
2023-04-09,98,1392,0.69,871.58,550.96,52.2,482,46.05,0.61,43.39
2023-04-10,99,1487,0.53,731.38,383.93,141.28,180,54.53,0.61,87.39
2023-04-11,100,1622,1.83,2410.16,1248.72,123.01,495,68.64,2.56,44.5
2023-04-12,101,1680,0.57,833.07,543.26,60.67,453,72.37,2.13,98.49
2023-04-13,102,1182,0.88,1099.13,455.49,100.81,445,80.04,4.62,85.35
2023-04-14,103,1347,2.89,3645.46,1509.97,111.39,91,91.39,0.28,82.16
2023-04-15,104,1081,3.55,4150.95,2733.7,70.61,50,52.1,2.52,15.17
2023-04-16,105,1189,3.57,3699.97,1683.05,57.33,415,73.12,3.42,83.97
2023-04-17,106,828,2.22,2087.68,1367.05,198.41,282,72.25,3.98,56.67
2023-04-18,107,1128,2.28,2873.22,1637.13,140.5,190,39.08,0.54,88.71
2023-04-19,108,969,0.58,621.11,337.59,127.03,487,37.88,4.09,11.88
2023-04-20,109,1344,3.02,4471.44,2985.04,109.69,86,91.77,2.72,15.94
2023-04-21,110,1879,3.73,7408.57,3873.01,192.96,499,70.96,0.37,77.43
2023-04-22,111,1392,4.22,6844.46,4725.24,75.82,268,92.73,3.74,92.72
2023-04-23,112,1537,3.12,4092.03,1712.41,136.76,385,88.81,4.3,55.11
2023-04-24,113,1402,1.79,2510.6,1445.05,73.79,131,35.6,2.03,37.45
2023-04-25,114,1050,4.74,5853.68,3466.14,162.47,179,74.57,4.15,53.24
2023-04-26,115,1434,2.16,2742.89,1686.17,139.31,402,53.1,0.49,55.25
2023-04-27,116,884,1.09,902.47,446.2,125.62,351,68.24,3.13,53.42
2023-04-28,117,1503,2.09,3345.32,2261.44,132.35,267,43.11,4.8,94.14
2023-04-29,118,1004,2.87,3222.49,2178.88,137.28,486,81.19,3.19,59.41
2023-04-30,119,1883,2.94,5017.92,3410.37,98.07,198,44.69,1.92,35.97
2023-05-01,120,1832,3.67,7998.3,3954.22,193.75,436,32.43,4.56,15.37
2023-05-02,121,858,4.77,3402.58,1982.85,181.01,456,38.12,0.57,12.44
2023-05-03,122,1786,1.78,2583.51,1485.67,199.03,388,34.33,0.78,44.06
2023-05-04,123,850,3.22,2250.2,1502.1,187.96,421,49.15,4.3,95.05
2023-05-05,124,1062,4.74,4164.26,2383.65,159.51,498,46.33,3.61,96.71
2023-05-06,125,893,3.93,3255.12,2268.18,81.44,496,54.64,3.02,84.68
2023-05-07,126,1656,3.41,5488.04,3286.3,127.0,498,89.92,0.31,29.18
2023-05-08,127,1710,0.82,1604.62,1061.41,115.74,139,71.99,2.93,86.98
2023-05-09,128,1660,4.1,6448.2,2608.63,121.79,61,80.56,4.06,42.88
2023-05-10,129,1876,3.24,6158.87,3896.26,194.5,444,43.32,1.5,64.19
2023-05-11,130,1113,1.94,2390.42,1586.48,68.97,497,67.77,1.08,88.8
2023-05-12,131,1949,3.42,5415.69,2171.07,91.71,441,90.04,3.13,27.59
2023-05-13,132,1740,3.24,5246.09,2876.15,141.88,292,49.64,2.5,27.03
2023-05-14,133,1132,2.64,3512.57,1920.95,121.68,102,89.05,0.43,26.54
2023-05-15,134,1676,3.42,5039.73,2246.31,72.5,494,41.75,0.31,35.05
2023-05-16,135,1712,1.0,1381.63,727.76,164.81,470,50.96,4.87,16.42
2023-05-17,136,1192,1.54,2153.83,1449.39,135.17,53,38.24,3.37,97.28
2023-05-18,137,1218,3.11,3756.35,1773.61,95.59,218,47.72,2.36,31.43
2023-05-19,138,1292,2.24,2656.23,1252.48,171.32,124,66.24,1.52,37.87
2023-05-20,139,1096,2.87,3044.47,2037.54,131.55,90,94.0,0.74,30.42
2023-05-21,140,1157,3.4,3866.64,2478.89,54.53,239,77.71,1.82,93.38
2023-05-22,141,1109,3.55,3559.21,2398.01,122.6,387,49.65,0.52,41.61
2023-05-23,142,806,2.81,2452.29,1048.16,132.54,102,42.04,4.69,57.34
2023-05-24,143,1656,1.12,2088.52,1218.33,149.63,374,78.25,0.76,13.84
2023-05-25,144,934,1.14,856.33,367.13,80.31,443,62.89,0.14,94.66
2023-05-26,145,1161,2.79,3187.28,1592.93,65.08,131,44.82,3.09,81.56
2023-05-27,146,966,2.41,2020.98,816.33,133.49,282,93.67,1.92,21.48
2023-05-28,147,1265,2.76,3512.75,2158.26,104.32,250,78.86,1.29,18.96
2023-05-29,148,1178,2.92,2874.23,1902.46,81.76,414,34.85,4.56,80.04
2023-05-30,149,1351,2.79,3743.14,2008.94,180.73,362,79.05,4.65,28.17
2023-05-31,150,957,3.37,3659.99,1786.36,159.75,238,56.0,2.46,34.14
2023-06-01,151,804,3.2,2300.22,1286.75,180.35,189,62.91,3.02,62.32
2023-06-02,152,1935,4.26,7960.32,5004.87,103.7,436,87.51,3.09,37.11
2023-06-03,153,816,1.82,1315.32,528.55,127.52,291,60.63,3.62,86.71
2023-06-04,154,1384,2.02,3329.07,1946.08,175.56,482,79.43,4.62,43.44
2023-06-05,155,1462,2.57,4363.12,2310.72,181.75,482,56.97,0.38,98.71
2023-06-06,156,1250,4.74,6701.55,3186.41,129.94,243,87.38,2.73,76.6
2023-06-07,157,1467,1.04,1291.07,743.7,168.58,340,79.76,2.23,40.05
2023-06-08,158,1953,2.9,6773.91,3187.09,54.34,481,55.02,0.29,44.68
2023-06-09,159,1774,3.96,7033.95,3531.0,137.95,164,78.49,1.9,36.67
2023-06-10,160,1757,0.8,1490.58,701.14,121.89,366,46.12,0.03,86.91
2023-06-11,161,1350,3.3,4744.14,2043.39,61.92,281,62.42,0.33,56.08
2023-06-12,162,1584,3.52,6264.4,3012.94,57.13,353,78.56,4.67,53.51
2023-06-13,163,1612,0.98,1780.18,985.7,154.52,77,91.75,3.42,67.62
2023-06-14,164,1384,1.56,2461.68,1250.83,52.92,256,30.18,1.86,17.99
2023-06-15,165,1677,2.86,5441.5,2339.92,145.78,231,34.79,4.91,84.75
2023-06-16,166,878,2.74,2498.1,1069.41,173.22,328,69.13,2.81,49.24
2023-06-17,167,1872,2.45,4282.84,1998.44,124.16,237,47.9,4.19,27.99
2023-06-18,168,1417,2.14,2943.26,1365.29,79.84,125,79.7,1.81,85.33
2023-06-19,169,1567,1.27,2266.17,1413.76,99.49,380,86.56,4.22,94.54
2023-06-20,170,1620,3.86,5104.13,3389.96,133.61,199,61.78,2.48,68.54
2023-06-21,171,991,0.73,763.17,526.73,165.45,383,44.44,1.09,54.98
2023-06-22,172,994,4.73,4787.06,2991.63,156.19,112,70.01,4.41,92.36
2023-06-23,173,1171,4.01,5166.99,2327.37,81.87,69,57.2,2.02,35.64
2023-06-24,174,1570,2.3,3181.16,2169.4,61.65,394,41.34,2.13,36.5
2023-06-25,175,1521,3.45,5964.89,3278.45,160.72,347,54.59,4.9,17.64
2023-06-26,176,1948,1.22,2795.01,1223.67,61.76,166,64.6,1.74,49.43
2023-06-27,177,1012,1.4,1148.23,623.35,96.14,396,62.86,3.47,24.89
2023-06-28,178,1755,1.82,3564.08,1724.82,159.57,232,90.32,0.81,16.15
2023-06-29,179,1748,3.22,5751.04,3199.7,124.1,493,79.99,3.24,49.3
2023-06-30,180,1358,0.75,1152.15,731.63,164.5,74,72.82,4.13,44.92
2023-07-01,181,1527,1.12,1652.18,1031.4,91.94,198,32.34,3.05,51.74
2023-07-02,182,1083,4.22,5186.56,2204.8,117.79,376,30.78,3.16,86.46
2023-07-03,183,1867,1.78,2922.78,1806.43,193.24,179,81.56,3.01,66.47
2023-07-04,184,1934,3.14,6097.3,4149.37,144.69,357,53.29,1.51,29.76
2023-07-05,185,810,3.6,3438.65,1806.08,153.32,435,46.79,0.94,45.9
2023-07-06,186,895,1.73,1427.86,837.42,53.98,228,31.73,2.48,50.91
2023-07-07,187,1184,1.31,1477.29,626.32,109.18,211,92.48,2.06,56.45
2023-07-08,188,1919,4.66,9502.46,5037.32,82.95,468,94.98,4.64,39.44
2023-07-09,189,1051,4.99,6054.66,2833.79,184.68,56,80.65,2.84,58.08
2023-07-10,190,1801,2.49,5131.75,2199.05,140.12,372,73.78,4.54,22.23
2023-07-11,191,1053,2.82,2435.97,1345.65,161.85,299,46.24,0.42,24.17
2023-07-12,192,1071,2.14,1910.23,806.46,127.38,157,59.45,4.89,78.92
2023-07-13,193,1388,4.03,5197.66,3078.89,175.31,399,46.79,0.24,30.7
2023-07-14,194,1045,4.8,5161.87,2475.44,151.88,185,46.16,0.31,92.15
2023-07-15,195,903,2.44,2482.56,1734.78,82.51,99,33.9,2.92,49.79
2023-07-16,196,1652,1.04,1420.38,680.82,187.43,261,81.59,3.4,84.53
2023-07-17,197,1883,1.5,3010.85,1970.38,122.55,483,45.68,0.6,83.8
2023-07-18,198,1016,3.05,2698.24,1690.67,157.86,471,69.64,3.04,47.01
2023-07-19,199,1543,4.15,7308.06,5085.29,113.69,63,41.32,3.67,69.69
2023-07-20,200,1111,0.72,891.59,620.27,170.85,359,84.51,2.39,46.74
2023-07-21,201,825,0.67,606.91,244.45,85.47,346,85.54,4.93,50.3
2023-07-22,202,1256,4.33,4439.56,2345.63,179.26,187,77.25,4.75,52.1
2023-07-23,203,1903,4.56,10240.56,4791.82,118.5,161,59.68,1.95,20.52
2023-07-24,204,1082,1.99,2073.23,1391.82,176.31,484,36.01,1.55,23.6
2023-07-25,205,828,3.42,3227.11,1359.82,53.48,315,92.91,3.74,62.59
2023-07-26,206,1349,4.4,5883.57,2832.32,150.77,187,69.61,0.18,13.49
2023-07-27,207,1468,2.03,3077.44,1813.41,87.6,178,51.27,1.53,85.32
2023-07-28,208,1212,2.33,2555.34,1246.32,96.77,101,78.54,3.73,45.2
2023-07-29,209,1682,2.85,5513.7,2737.89,63.9,346,53.85,3.03,25.85
2023-07-30,210,1468,0.83,1077.18,556.09,132.84,351,93.79,0.35,26.4
2023-07-31,211,1723,4.65,7417.05,4244.34,140.27,120,44.51,3.6,41.75
2023-08-01,212,1607,4.15,6738.09,3222.59,72.34,304,74.11,4.59,54.95
2023-08-02,213,1226,1.85,1847.78,933.6,96.75,289,51.67,3.24,30.2
2023-08-03,214,1132,1.91,2216.84,1391.81,136.47,271,47.66,0.7,85.53
2023-08-04,215,977,4.47,5239.53,2956.18,177.46,95,83.19,2.24,15.63
2023-08-05,216,1978,4.9,9253.05,6210.46,198.12,382,40.64,4.84,73.23
2023-08-06,217,1012,1.59,1291.55,773.87,152.1,426,35.41,3.17,15.51
2023-08-07,218,873,2.68,2254.56,1315.0,94.22,142,81.32,0.02,66.68
2023-08-08,219,1780,4.35,6733.41,3526.94,168.85,419,85.95,2.71,79.42
2023-08-09,220,1506,1.52,2680.72,1336.57,107.84,289,69.26,3.57,81.59
2023-08-10,221,1231,0.92,1070.14,496.83,112.02,387,76.02,1.32,23.63
2023-08-11,222,805,3.84,3270.17,2116.11,139.35,54,70.78,1.81,27.07
2023-08-12,223,1578,3.25,4535.16,2889.25,92.45,249,68.91,3.56,27.91
2023-08-13,224,1793,3.66,7670.08,3993.83,157.85,336,37.21,3.58,48.36
2023-08-14,225,1976,1.46,3016.66,1680.8,191.26,451,60.53,0.57,57.78
2023-08-15,226,1180,1.53,2050.91,1208.32,81.18,499,78.23,0.16,86.55
2023-08-16,227,1599,3.16,5511.36,3307.64,112.64,398,44.95,4.23,53.51
2023-08-17,228,1710,4.56,7817.94,4422.86,146.25,197,91.92,3.79,39.14
2023-08-18,229,833,2.53,1810.94,1104.2,94.92,324,37.11,3.97,51.17
2023-08-19,230,1881,3.23,6246.78,3746.75,111.73,147,81.51,3.58,79.18
2023-08-20,231,1309,1.92,2274.34,1447.46,115.02,483,44.43,4.31,14.18
2023-08-21,232,1799,4.19,7657.36,3370.84,56.46,110,53.44,0.74,26.5
2023-08-22,233,976,1.89,1997.57,805.27,183.71,239,65.38,0.03,44.89
2023-08-23,234,1681,4.59,8560.35,3693.57,166.31,240,89.52,1.47,69.09
2023-08-24,235,1254,4.31,4735.75,2523.95,102.17,430,78.44,2.94,30.27
2023-08-25,236,1197,1.55,1516.19,904.23,68.38,173,77.96,0.45,87.69
2023-08-26,237,1769,4.25,7552.93,4831.21,76.61,78,49.6,1.37,14.18
2023-08-27,238,1139,4.7,4888.77,2554.12,155.68,89,34.26,1.51,92.75
2023-08-28,239,1118,1.52,1785.29,1242.96,87.66,285,79.87,4.37,33.55
2023-08-29,240,1307,4.47,4703.86,3256.86,124.58,300,41.65,2.76,80.33
2023-08-30,241,1728,2.32,4699.27,2063.7,79.53,61,62.0,3.04,26.76
2023-08-31,242,1425,0.97,1528.87,1055.25,144.45,261,68.16,3.99,88.47
2023-09-01,243,1278,3.17,4648.09,2645.09,78.87,56,60.34,4.01,81.75
2023-09-02,244,1847,1.35,2980.58,1565.94,196.88,147,89.26,2.94,69.39
2023-09-03,245,1631,2.16,3450.02,1677.74,165.86,396,56.93,2.49,68.92
2023-09-04,246,1674,2.04,3404.13,1574.23,145.23,62,54.78,0.85,20.32
2023-09-05,247,1366,1.39,1947.67,802.79,125.87,148,92.09,4.29,44.57
2023-09-06,248,1555,4.43,7093.0,4194.52,176.21,194,65.85,0.09,27.28
2023-09-07,249,1248,4.36,5756.36,2694.93,160.3,196,84.51,1.28,27.7
2023-09-08,250,1033,4.75,4320.44,2865.49,189.47,228,71.6,2.5,12.69
2023-09-09,251,1561,3.74,6806.81,3595.61,163.13,103,56.87,0.22,70.91
2023-09-10,252,1761,3.52,4987.35,3442.34,154.16,401,64.53,4.24,34.4
2023-09-11,253,990,3.9,4254.87,2948.74,191.57,150,71.65,0.81,57.43
2023-09-12,254,1727,4.37,6802.74,3867.43,106.18,60,47.42,4.21,23.86
2023-09-13,255,1040,2.39,2328.63,1084.97,182.09,90,81.48,3.55,27.46
2023-09-14,256,1466,4.83,7042.3,3033.55,90.74,319,93.34,1.02,58.02
2023-09-15,257,1274,3.86,4316.41,2360.19,80.29,296,52.11,0.44,20.67
2023-09-16,258,1739,3.94,6627.72,3784.93,115.99,86,71.16,2.59,42.94
2023-09-17,259,1261,2.78,3925.51,2672.84,86.43,283,83.69,2.7,88.31
2023-09-18,260,1265,2.58,3021.82,1662.27,170.34,267,67.71,0.87,44.71
2023-09-19,261,1462,2.83,4596.63,2173.14,68.04,379,79.93,4.73,33.16
2023-09-20,262,1046,3.76,4236.69,2305.57,134.76,371,67.61,3.21,95.81
2023-09-21,263,1532,4.62,6877.53,3858.51,196.03,171,34.84,0.36,42.83
2023-09-22,264,1085,3.94,4970.75,2809.19,158.61,58,61.54,1.81,62.13
2023-09-23,265,1612,3.09,4871.89,2728.14,128.47,415,61.18,4.03,23.39
2023-09-24,266,1035,3.91,3676.42,1900.2,70.4,217,38.04,4.06,81.59
2023-09-25,267,1163,4.0,5514.37,3449.97,89.22,56,78.14,1.55,66.29
2023-09-26,268,1889,4.56,7513.55,3054.68,127.25,415,78.58,0.63,77.66
2023-09-27,269,859,0.82,742.52,366.38,76.97,202,36.37,3.81,14.44
2023-09-28,270,1704,2.31,4173.4,1692.18,189.64,425,94.98,2.47,44.61
2023-09-29,271,1607,2.02,3535.38,1556.0,158.88,234,69.59,3.35,72.92
2023-09-30,272,1455,1.81,2329.91,959.95,174.45,259,55.45,4.3,35.77
2023-10-01,273,1584,3.62,6769.82,4376.56,118.81,378,44.05,4.25,46.43
2023-10-02,274,1238,3.77,4745.0,2681.67,128.71,87,49.23,3.87,89.05
2023-10-03,275,1605,2.84,3829.73,1957.39,146.26,185,94.93,1.78,37.6
2023-10-04,276,904,2.58,2732.27,1870.85,83.88,472,43.79,1.17,29.16
2023-10-05,277,1410,4.64,7338.18,4629.27,132.14,365,87.61,2.59,45.06
2023-10-06,278,1030,2.24,2456.49,1419.75,59.91,396,36.02,2.32,13.02
2023-10-07,279,1520,2.15,3514.56,1994.43,115.06,483,45.74,4.25,40.37
2023-10-08,280,1157,2.41,3178.07,2101.95,158.95,147,35.12,4.11,83.26
2023-10-09,281,1756,4.02,7147.25,3474.43,119.93,322,73.26,1.0,56.7
2023-10-10,282,989,1.25,1300.44,657.28,174.37,104,30.88,0.64,42.77
2023-10-11,283,1566,2.74,4933.19,2584.27,153.06,339,74.49,2.9,20.82
2023-10-12,284,1636,3.12,5451.79,2567.9,165.75,119,46.38,2.51,38.62
2023-10-13,285,1214,3.61,3552.15,2110.55,163.13,69,58.39,1.07,27.22
2023-10-14,286,972,0.94,840.56,496.46,110.58,152,79.08,2.83,48.9
2023-10-15,287,1236,1.06,1177.2,690.43,71.08,354,40.31,3.47,35.19
2023-10-16,288,1715,2.65,3731.75,2236.05,86.88,185,56.13,1.39,87.55
2023-10-17,289,1075,2.01,2591.96,1082.97,121.86,368,33.19,4.56,52.35
2023-10-18,290,1128,2.58,2583.95,1072.3,149.89,124,68.65,1.97,19.5
2023-10-19,291,1667,2.11,3842.22,1928.08,161.12,270,63.14,3.4,56.8
2023-10-20,292,967,3.9,3070.58,1863.43,84.36,168,53.51,3.0,64.55
2023-10-21,293,1730,0.92,1423.07,857.84,64.94,279,35.78,2.5,63.93
2023-10-22,294,1149,4.38,5914.88,2541.25,78.97,491,76.45,0.37,10.41
2023-10-23,295,982,2.73,2307.91,1322.19,72.38,334,33.92,0.09,45.93
2023-10-24,296,1173,4.47,6200.9,3718.21,83.85,196,35.41,1.75,44.63
2023-10-25,297,1596,1.68,2399.15,1532.31,135.57,125,36.6,1.29,92.73
2023-10-26,298,1941,4.81,9795.85,5011.7,101.15,371,32.86,3.73,20.86
2023-10-27,299,1950,1.33,2957.51,1816.21,173.74,316,34.32,3.39,87.47
2023-10-28,300,1464,4.78,6379.33,3921.46,160.61,338,44.93,1.04,24.76
2023-10-29,301,1950,1.8,3083.61,1456.12,142.2,229,42.6,0.35,80.21
2023-10-30,302,999,4.46,5212.75,3591.82,125.23,195,41.51,4.95,94.58
2023-10-31,303,1330,2.42,3639.34,2202.82,157.91,146,57.31,3.59,95.26
2023-11-01,304,905,3.94,3129.65,1319.5,194.65,281,84.9,3.55,90.36
2023-11-02,305,1086,0.94,1141.76,554.12,74.64,142,47.14,1.73,85.53
2023-11-03,306,1902,3.36,5131.44,2410.34,52.68,150,49.32,1.18,85.23
2023-11-04,307,1856,2.59,5432.9,3614.75,94.19,237,45.86,3.79,87.62
2023-11-05,308,1435,3.56,5475.07,3083.77,178.11,157,31.36,4.29,97.52
2023-11-06,309,1535,2.37,4192.42,2452.99,168.76,107,69.95,3.97,41.44
2023-11-07,310,1920,4.73,9344.86,4451.8,170.93,64,42.47,3.09,33.1
2023-11-08,311,1406,2.34,3908.16,2115.03,154.7,332,81.52,0.6,23.26
2023-11-09,312,1696,3.69,6649.22,3941.01,86.62,472,31.21,0.85,60.94
2023-11-10,313,1273,1.67,2114.15,1033.6,186.83,267,83.54,4.76,29.12
2023-11-11,314,978,1.4,1443.73,668.93,133.9,228,64.09,3.5,19.6
2023-11-12,315,1257,0.75,1097.64,683.38,139.5,276,49.93,2.74,20.16
2023-11-13,316,1540,1.94,3490.0,2417.27,83.56,491,43.03,2.17,36.52
2023-11-14,317,1310,0.52,738.96,310.38,66.0,272,58.36,0.63,67.26
2023-11-15,318,1741,0.69,1266.12,558.95,100.82,423,59.56,2.25,81.7
2023-11-16,319,1012,2.61,2385.97,1210.92,57.69,158,59.07,2.21,95.0
2023-11-17,320,1578,4.77,6742.88,3482.16,55.97,166,83.85,0.74,21.36
2023-11-18,321,1787,4.12,6349.15,3672.58,129.82,294,34.81,2.59,48.16
2023-11-19,322,1298,3.01,3394.93,1917.36,78.27,326,33.41,0.14,74.8
2023-11-20,323,1039,0.5,557.0,240.45,147.95,479,62.37,0.34,14.52
2023-11-21,324,1172,1.77,1688.21,694.54,163.31,371,71.4,4.37,75.96
2023-11-22,325,865,3.37,2721.51,1221.5,136.28,131,70.97,3.3,57.16
2023-11-23,326,1783,4.36,7604.58,4423.31,121.1,416,39.49,0.46,30.11
2023-11-24,327,1575,0.98,1564.29,1039.72,146.82,488,50.74,4.36,73.94
2023-11-25,328,1282,4.27,5121.9,2485.98,156.86,303,46.77,3.51,78.9
2023-11-26,329,820,3.24,3099.57,1527.69,127.96,434,63.82,1.61,74.59
2023-11-27,330,1295,0.9,983.86,493.95,161.11,355,67.46,2.76,44.14
2023-11-28,331,1837,1.65,3526.94,2065.35,198.41,239,54.02,0.26,83.19
2023-11-29,332,1661,1.89,3120.14,1797.77,61.81,446,88.94,2.4,42.02
2023-11-30,333,1866,2.33,4968.18,3304.91,123.18,455,91.33,3.03,34.93
2023-12-01,334,970,3.16,2998.35,1324.71,183.71,332,53.94,1.12,46.7
2023-12-02,335,915,2.38,2601.89,1577.85,77.56,323,43.35,4.21,65.24
2023-12-03,336,1833,3.49,6484.68,3210.35,164.58,190,69.4,2.58,90.56
2023-12-04,337,822,2.02,1367.71,874.82,111.32,356,57.06,4.7,88.13
2023-12-05,338,1338,1.13,1687.18,1164.27,69.03,281,30.04,3.18,88.56
2023-12-06,339,915,0.76,638.24,279.27,122.26,305,79.79,1.96,25.29
2023-12-07,340,1996,1.34,2626.24,1081.32,75.51,450,58.45,1.65,36.65
2023-12-08,341,1829,3.62,7495.16,3675.86,147.7,374,31.22,0.92,82.88
2023-12-09,342,1226,2.96,3321.4,2144.56,96.13,404,57.24,4.05,23.28
2023-12-10,343,1129,4.69,5978.09,3500.85,160.11,159,70.99,4.95,16.14
2023-12-11,344,1866,1.3,2325.85,1474.15,73.91,367,78.37,2.72,68.25
2023-12-12,345,1610,4.25,6247.77,3324.09,85.33,120,44.73,3.39,49.15
2023-12-13,346,1202,4.74,4670.61,2544.98,118.57,348,70.92,3.95,76.24
2023-12-14,347,1825,3.88,7320.68,4691.85,94.82,210,72.38,1.35,22.83
2023-12-15,348,804,3.34,2904.39,1918.81,194.47,155,39.34,4.85,88.48
2023-12-16,349,1255,1.9,2040.88,1086.24,122.85,172,68.67,4.21,87.49
2023-12-17,350,982,1.65,1363.06,566.44,156.47,301,59.46,2.66,77.82
2023-12-18,351,1970,2.98,4699.61,2996.48,75.23,212,67.83,4.06,73.52
2023-12-19,352,1475,3.77,5205.43,2168.04,180.29,299,30.86,3.68,24.26
2023-12-20,353,1666,3.54,5366.48,3368.03,109.13,303,78.69,1.81,75.77
2023-12-21,354,848,1.01,805.71,415.4,167.75,151,58.29,1.15,90.05
2023-12-22,355,1164,2.93,3371.89,1499.09,184.94,227,79.25,1.86,38.41
2023-12-23,356,945,2.34,2350.02,1011.25,99.88,430,91.64,2.61,92.4
2023-12-24,357,1910,1.14,2216.63,1508.22,111.54,189,56.93,2.27,40.92
2023-12-25,358,1672,1.87,2965.91,1320.06,137.14,353,89.72,2.62,31.88
2023-12-26,359,1893,4.49,9243.3,4790.43,140.21,217,44.64,4.38,42.73
2023-12-27,360,969,1.26,1022.16,658.67,75.17,395,60.31,0.64,49.68
2023-12-28,361,1943,4.67,9792.48,4625.65,142.28,71,66.34,2.83,53.01
2023-12-29,362,1624,1.86,2577.6,1278.53,110.28,67,88.51,1.06,82.8
2023-12-30,363,1202,2.95,4178.46,2509.62,92.19,457,59.31,4.26,73.81
2023-12-31,364,1673,4.59,9117.94,5379.48,116.81,404,40.2,4.97,22.88
2024-01-01,365,846,1.55,1117.12,685.63,134.38,200,63.54,3.95,78.49
2024-01-02,366,1615,4.14,6327.82,3557.9,89.7,432,72.04,2.98,41.06
2024-01-03,367,862,1.16,1056.7,454.03,76.49,278,69.15,0.8,26.21
2024-01-04,368,1478,4.76,6694.92,3727.28,66.79,100,68.12,0.09,85.13
2024-01-05,369,977,3.52,3863.93,1837.32,67.25,259,55.9,2.19,98.17
2024-01-06,370,1742,1.0,2047.65,1134.49,146.07,191,47.95,0.0,53.3
2024-01-07,371,1414,2.32,3644.56,2079.73,96.95,351,44.83,1.09,72.84
2024-01-08,372,1669,4.88,7620.18,4492.82,63.87,235,36.67,4.84,76.5
2024-01-09,373,1992,2.83,5533.19,2904.42,198.37,354,91.33,2.16,65.1
2024-01-10,374,1627,4.22,7437.99,5165.04,138.7,206,58.28,1.32,80.39
2024-01-11,375,887,2.79,2440.23,1511.0,199.62,262,91.07,2.12,35.3
2024-01-12,376,1475,2.85,3629.97,2241.01,152.85,275,41.96,4.65,75.13
2024-01-13,377,842,0.72,521.19,231.74,168.64,358,82.69,4.55,32.72
2024-01-14,378,1889,2.28,3526.41,1509.88,161.17,69,57.41,4.0,64.97
2024-01-15,379,1820,4.75,9219.68,6411.49,105.54,292,32.96,2.54,20.97
2024-01-16,380,1737,4.71,8438.81,3806.79,192.71,101,59.77,2.0,18.52
2024-01-17,381,1557,4.07,6956.15,3175.36,116.91,235,78.68,4.91,15.69
2024-01-18,382,1801,4.37,6697.64,4193.22,167.83,246,30.31,3.97,43.21
2024-01-19,383,933,0.64,694.4,286.57,137.41,56,42.07,2.19,38.78
2024-01-20,384,1030,1.21,1356.18,903.09,124.58,262,91.14,4.97,29.93
2024-01-21,385,904,1.38,1100.05,487.49,130.78,233,94.23,2.19,37.92
2024-01-22,386,810,4.96,3825.43,2587.8,124.47,256,33.1,1.71,88.1
2024-01-23,387,1445,3.96,4966.77,3122.24,107.19,397,87.26,3.9,94.69
2024-01-24,388,1717,2.84,5258.13,2772.01,178.94,348,41.21,4.56,28.58
2024-01-25,389,1934,1.03,1986.97,1321.47,170.68,243,30.6,1.34,57.89
2024-01-26,390,1057,2.9,3346.14,1767.22,87.53,120,49.48,2.24,69.0
2024-01-27,391,832,2.18,2097.78,1228.13,95.82,346,61.56,1.28,49.34
2024-01-28,392,1912,3.05,5021.75,2568.66,192.79,377,55.44,4.67,22.45
2024-01-29,393,811,2.25,2147.47,1388.45,135.76,50,76.74,0.3,49.35
2024-01-30,394,1986,3.4,7562.64,4941.81,126.34,345,42.77,1.3,49.15
2024-01-31,395,1848,4.87,7256.12,4466.51,72.23,209,35.25,5.0,39.49
2024-02-01,396,1124,2.12,2726.46,1116.73,125.77,85,48.64,0.0,79.11
2024-02-02,397,1156,4.9,6359.57,3338.89,199.98,217,31.49,0.77,93.56
2024-02-03,398,1721,4.85,9311.51,5359.1,111.92,197,47.16,0.66,31.83
2024-02-04,399,1473,1.31,1715.54,1076.46,153.04,67,94.3,4.85,61.26
2024-02-05,400,1919,4.62,10306.18,6284.5,119.54,432,51.62,4.16,53.72
2024-02-06,401,1935,2.79,5892.81,3344.7,130.37,79,78.69,3.01,61.42
2024-02-07,402,1092,0.79,716.68,323.14,93.21,70,30.8,3.41,45.77
2024-02-08,403,1173,3.53,4011.71,2542.57,82.5,131,82.71,3.66,48.71
2024-02-09,404,1498,1.25,2161.35,1101.81,72.06,119,37.35,1.92,41.23
2024-02-10,405,1619,3.18,4295.93,2189.02,66.52,348,85.27,1.99,20.41
2024-02-11,406,1469,4.07,5266.6,3559.51,52.95,90,44.01,3.03,42.4
2024-02-12,407,1696,1.2,2419.78,1462.86,129.7,385,48.47,3.83,25.41
2024-02-13,408,1355,0.68,1050.92,686.21,97.83,196,93.08,4.6,24.02
2024-02-14,409,834,3.14,2140.94,1150.34,83.12,278,51.89,3.26,44.47
2024-02-15,410,1061,2.41,2166.48,977.5,136.1,452,48.76,3.7,56.97
2024-02-16,411,1160,3.72,4591.2,2495.31,126.62,214,88.99,1.61,57.3
2024-02-17,412,1365,2.24,2560.25,1513.45,150.47,121,60.2,0.38,39.56
2024-02-18,413,1366,4.3,7004.52,3232.58,52.8,274,54.69,3.79,89.76
2024-02-19,414,1502,2.82,4513.19,2094.24,169.38,245,70.92,2.82,33.5
2024-02-20,415,1806,1.88,3871.49,2054.39,174.75,179,61.99,2.68,54.24
2024-02-21,416,1845,1.33,2388.51,1207.26,149.1,138,73.17,3.01,36.53
2024-02-22,417,843,0.82,748.31,516.0,65.69,323,61.19,4.6,31.77
2024-02-23,418,1289,1.2,1420.06,901.28,113.2,106,73.65,2.04,11.27
2024-02-24,419,834,1.06,854.58,417.46,80.16,81,54.72,2.56,58.8
2024-02-25,420,1266,4.89,5993.95,3455.71,144.73,355,38.16,3.2,57.68
2024-02-26,421,1758,3.87,6797.29,3304.49,79.69,364,46.55,2.8,21.37
2024-02-27,422,1353,4.13,5665.76,3036.52,181.29,103,89.52,3.87,28.33
2024-02-28,423,1815,2.79,5062.39,3293.65,95.71,386,89.76,4.63,39.81
2024-02-29,424,1004,4.1,3522.4,2328.32,77.38,231,42.84,0.49,42.79
2024-03-01,425,1691,2.48,4831.84,2706.77,72.34,319,71.63,0.08,88.75
2024-03-02,426,1870,2.88,5473.77,2754.66,132.3,211,91.2,0.66,23.16
2024-03-03,427,1210,2.5,2643.79,1486.58,88.69,178,60.78,1.14,75.87
2024-03-04,428,1142,4.93,5427.43,3250.79,154.06,293,76.8,1.71,62.85
2024-03-05,429,1927,1.06,1904.5,1315.04,176.45,347,79.58,4.57,19.94
2024-03-06,430,1456,1.42,1857.62,874.56,56.38,466,51.37,4.49,68.32
2024-03-07,431,1801,4.97,8523.28,5105.93,148.41,225,68.71,0.71,21.69
2024-03-08,432,1746,0.95,1563.59,679.85,141.1,169,78.24,3.67,38.05
2024-03-09,433,1330,2.82,4439.46,3089.88,194.2,235,90.77,1.44,30.41
2024-03-10,434,1783,3.93,7025.96,3458.25,118.03,321,40.31,3.91,78.0
2024-03-11,435,1333,2.24,3376.77,1649.35,106.33,454,74.54,0.56,10.1
2024-03-12,436,1204,3.8,3919.19,1687.25,132.54,257,43.91,1.15,20.28
2024-03-13,437,1627,3.03,4260.53,2825.12,147.68,289,72.42,3.07,61.96
2024-03-14,438,1803,0.83,1520.63,931.26,134.36,476,37.71,4.03,14.18
2024-03-15,439,1754,3.71,5502.04,2407.95,101.12,391,52.64,3.59,96.62
2024-03-16,440,1675,2.11,4026.11,2554.76,146.78,455,84.63,1.66,87.79
2024-03-17,441,1871,4.08,9141.71,5553.21,126.57,115,74.8,3.0,46.65
2024-03-18,442,1236,0.98,1414.56,835.88,91.87,250,91.96,2.27,86.32
2024-03-19,443,1395,1.01,1597.75,945.4,59.68,51,44.33,4.33,42.25
2024-03-20,444,1523,3.97,6752.79,4562.64,73.66,305,56.95,2.61,11.09
2024-03-21,445,1385,2.44,2834.33,1770.67,95.24,192,72.09,4.81,24.88
2024-03-22,446,1263,1.31,1775.35,1055.64,190.66,423,72.63,2.19,28.14
2024-03-23,447,890,3.76,3515.27,2069.22,70.59,78,79.73,2.25,39.46
2024-03-24,448,907,1.91,1610.22,919.99,166.38,331,62.1,2.9,60.07
2024-03-25,449,1652,2.16,3420.72,1583.58,53.14,53,47.75,0.68,65.14
2024-03-26,450,1971,4.53,9117.48,3991.35,185.61,367,48.35,1.12,73.06
2024-03-27,451,1812,2.22,3715.23,2308.35,108.88,428,75.3,4.52,70.49
2024-03-28,452,1833,1.46,2268.24,1476.2,109.53,183,72.43,1.94,88.29
2024-03-29,453,853,4.68,3634.49,1555.94,65.25,411,81.22,2.32,41.77
2024-03-30,454,1760,3.71,6494.56,4155.21,132.85,180,31.69,0.23,69.67
2024-03-31,455,1211,0.75,756.12,417.94,149.67,345,70.58,0.23,90.96
2024-04-01,456,1820,3.6,7790.2,3917.2,73.85,359,58.16,0.52,96.45
2024-04-02,457,1827,2.41,4278.23,2532.45,111.88,202,72.77,4.7,39.88
2024-04-03,458,1786,2.48,3929.83,2264.1,172.66,339,30.2,3.49,98.37
2024-04-04,459,1801,0.81,1718.06,874.34,140.24,74,60.24,3.81,84.52
2024-04-05,460,811,2.87,2756.86,1533.95,119.93,343,94.35,4.21,86.87
2024-04-06,461,1026,0.6,584.43,364.42,64.18,192,75.94,1.81,28.67
2024-04-07,462,1013,1.03,1192.99,607.54,114.29,405,43.65,2.76,62.96
2024-04-08,463,1891,2.7,4867.97,2540.68,75.5,155,53.73,2.07,32.63
2024-04-09,464,834,0.75,502.82,345.69,99.79,146,59.51,2.59,34.71
2024-04-10,465,1119,4.84,4665.21,2077.56,197.49,372,90.43,0.65,88.8
2024-04-11,466,1996,4.25,9694.96,4370.68,152.69,108,32.19,3.69,92.78
2024-04-12,467,892,2.82,2318.89,929.02,103.77,83,67.48,3.17,85.65
2024-04-13,468,1290,1.0,1052.1,629.92,155.17,482,48.2,1.54,10.55
2024-04-14,469,1017,2.23,2459.53,1453.79,87.08,80,65.56,1.24,26.15
2024-04-15,470,1382,2.79,3435.53,1852.58,71.49,451,31.25,4.33,29.32
2024-04-16,471,1934,3.46,7130.65,3059.17,154.37,62,59.57,2.75,51.92
2024-04-17,472,963,3.22,3528.34,1553.46,192.66,323,68.39,0.12,99.27
2024-04-18,473,1907,1.15,2481.27,1177.69,87.37,279,63.35,1.58,41.0
2024-04-19,474,999,2.65,2152.2,1258.19,97.99,167,64.71,0.53,19.94
2024-04-20,475,1491,3.33,4292.72,1871.18,101.87,460,47.33,3.47,24.57
2024-04-21,476,1579,4.98,8998.5,4775.85,110.05,138,80.21,3.2,81.38
2024-04-22,477,1035,1.95,2006.36,972.48,53.75,460,38.9,2.6,68.63
2024-04-23,478,1321,3.06,4536.76,2100.05,176.44,496,36.62,1.21,58.79
2024-04-24,479,1706,4.68,8508.8,4830.66,129.31,359,56.24,1.65,78.95
2024-04-25,480,1509,2.24,3017.7,1950.38,147.35,415,56.01,4.05,90.8
2024-04-26,481,1962,2.52,4261.09,2313.8,62.58,389,86.99,2.72,90.75
2024-04-27,482,1428,1.09,1769.99,1178.95,153.2,306,45.1,0.1,52.99
2024-04-28,483,1750,0.75,1224.99,528.13,192.43,345,81.83,3.53,59.34
2024-04-29,484,1106,0.95,938.84,625.32,86.7,456,54.41,0.65,16.81
2024-04-30,485,1832,0.66,1221.02,584.23,59.3,94,85.72,3.93,13.31
2024-05-01,486,932,4.25,4135.4,2157.4,194.37,184,33.84,0.45,78.72
2024-05-02,487,861,4.25,2973.27,1342.23,88.41,429,58.15,1.33,46.63
2024-05-03,488,1446,2.26,3671.99,1616.48,70.43,467,63.66,1.4,90.68
2024-05-04,489,1341,1.85,2286.43,1435.79,104.4,310,59.7,3.83,80.36
2024-05-05,490,1445,4.25,5980.08,4002.25,90.69,406,51.67,2.9,46.82
2024-05-06,491,1627,4.82,8614.74,5683.12,191.98,148,66.35,4.05,82.81
2024-05-07,492,1036,4.61,4004.82,2389.97,112.59,491,51.02,0.54,11.5
2024-05-08,493,1733,3.51,5861.0,3279.99,153.11,83,70.68,0.28,39.04
2024-05-09,494,1886,1.85,3537.08,2259.77,175.51,120,31.84,0.84,11.56
2024-05-10,495,1830,2.05,4166.84,2428.95,77.29,374,58.15,0.78,92.23
2024-05-11,496,802,4.72,3249.42,2060.02,110.27,469,64.08,0.35,36.07
2024-05-12,497,1791,3.42,6509.09,2609.49,194.88,70,74.66,2.48,92.97
2024-05-13,498,1327,3.75,4099.45,2054.33,62.62,268,67.84,1.45,91.04
2024-05-14,499,1037,4.4,4472.97,2952.57,124.61,480,50.94,2.65,20.38
2024-05-15,500,881,2.08,1871.58,1306.0,133.62,255,82.1,4.48,26.19
2024-05-16,501,1514,0.54,862.34,556.67,50.56,159,47.02,2.39,82.84
2024-05-17,502,1026,0.97,844.98,412.28,180.59,56,59.26,1.88,94.38
2024-05-18,503,1753,4.5,7683.56,3290.9,61.66,332,88.87,0.4,70.43
2024-05-19,504,1854,0.88,1361.8,546.6,78.3,276,42.7,4.74,44.62
2024-05-20,505,1064,1.04,1020.73,576.34,165.97,481,62.94,3.88,90.02
2024-05-21,506,1229,2.98,3630.53,2107.75,82.91,446,68.74,4.02,22.71
2024-05-22,507,1865,1.19,2088.66,1429.9,147.43,124,51.12,4.59,63.52
2024-05-23,508,1495,1.96,3481.12,2000.29,195.53,195,46.43,4.09,35.4
2024-05-24,509,1900,3.63,5647.98,3414.61,169.71,213,59.43,1.71,97.42
2024-05-25,510,933,4.29,3631.94,2397.87,158.17,425,37.46,4.12,17.7
2024-05-26,511,838,2.84,2015.02,856.78,164.52,422,33.54,3.56,38.17
2024-05-27,512,1996,1.33,2125.83,1380.84,134.74,293,30.67,2.07,99.77
2024-05-28,513,1868,3.56,7376.87,3991.39,94.99,199,40.96,2.28,90.33
2024-05-29,514,1415,4.85,7537.48,3192.33,188.0,411,30.44,4.32,33.47
2024-05-30,515,1367,0.71,842.09,401.68,95.21,489,81.96,0.21,97.9
2024-05-31,516,1723,4.13,6356.04,4295.56,142.77,210,40.04,2.15,41.08
2024-06-01,517,1720,2.2,3814.84,1604.55,161.67,65,61.09,2.45,66.67
2024-06-02,518,1767,4.35,6958.7,3449.35,76.13,201,30.0,4.46,36.49
2024-06-03,519,1205,4.04,4476.3,2590.0,160.43,280,67.95,1.33,92.42
2024-06-04,520,1222,3.8,5148.28,2973.04,184.39,327,43.96,4.46,67.72
2024-06-05,521,1515,4.19,6425.14,4469.84,69.28,389,83.58,3.56,65.66
2024-06-06,522,1960,2.04,4055.65,2643.95,119.88,214,56.02,1.53,18.13
2024-06-07,523,918,2.87,3141.55,1357.89,53.27,440,64.07,0.03,97.3
2024-06-08,524,1333,3.74,5959.47,3335.65,56.59,136,94.82,4.69,57.19
2024-06-09,525,1766,3.15,4529.55,1864.4,106.36,192,60.8,2.67,18.58
2024-06-10,526,1321,2.1,3020.73,1877.78,146.03,332,69.18,0.57,10.26
2024-06-11,527,1649,1.86,3359.88,2076.47,156.62,300,45.65,0.14,60.41
2024-06-12,528,1432,1.91,2869.37,1779.55,168.97,465,93.47,1.14,74.82
2024-06-13,529,1307,1.62,1953.22,789.76,130.66,266,88.37,2.92,60.19
2024-06-14,530,1828,4.29,7209.24,4202.36,83.29,330,50.26,4.93,40.2
2024-06-15,531,1254,3.88,5225.03,2725.42,180.45,389,61.15,1.95,43.17
2024-06-16,532,1328,0.73,790.2,326.55,87.51,414,42.68,2.67,92.91
2024-06-17,533,1867,3.02,5476.94,3275.99,88.01,264,60.24,2.8,78.17
2024-06-18,534,1778,1.23,2469.48,1429.79,98.52,300,68.82,3.15,59.2
2024-06-19,535,1153,1.6,2023.76,1288.75,184.68,156,75.61,2.27,78.05
2024-06-20,536,1035,4.43,4503.87,2179.96,196.64,302,62.61,4.83,47.15
2024-06-21,537,1233,3.75,5298.63,3065.52,94.87,220,32.13,1.96,40.61
2024-06-22,538,1115,1.29,1521.26,631.1,184.99,100,36.37,0.01,54.96
2024-06-23,539,1991,1.09,2332.58,984.06,54.83,305,38.74,4.63,32.49
2024-06-24,540,1967,3.96,8285.03,4568.1,159.36,438,86.61,3.31,91.5
2024-06-25,541,1045,1.23,1255.81,638.97,89.57,292,80.76,4.17,42.85
2024-06-26,542,915,4.9,5168.11,3122.0,120.59,111,65.16,3.25,90.37
2024-06-27,543,1386,3.22,5205.75,2562.15,57.37,211,64.76,2.35,38.38
2024-06-28,544,1382,2.48,3201.84,2197.82,51.35,427,50.03,4.5,43.75
2024-06-29,545,1362,3.75,5235.88,3169.89,139.29,107,32.18,2.62,65.03
2024-06-30,546,1895,4.85,10175.8,6855.6,75.7,56,63.66,2.58,39.6
2024-07-01,547,819,3.17,2549.8,1606.44,150.86,303,67.82,2.38,37.25
2024-07-02,548,1686,4.52,7974.67,4317.17,181.4,314,56.19,4.66,89.23
2024-07-03,549,1899,3.06,5853.44,3273.19,194.44,246,83.73,2.14,86.03
2024-07-04,550,861,2.12,1696.03,858.15,161.98,155,61.13,4.06,29.79
2024-07-05,551,1217,3.25,3577.46,2193.09,68.79,351,61.65,2.91,91.78
2024-07-06,552,1376,2.26,3613.61,1601.56,57.66,77,67.95,2.0,57.37
2024-07-07,553,1985,4.39,9793.66,6311.35,69.64,123,75.93,2.8,61.85
2024-07-08,554,825,4.44,3627.28,1793.24,142.41,472,78.33,4.02,86.63
2024-07-09,555,1701,1.94,3176.56,1407.99,110.43,484,38.07,4.01,19.08
2024-07-10,556,1803,2.54,4096.48,1684.8,95.98,122,94.41,1.81,68.11
2024-07-11,557,1943,4.74,8217.65,5580.01,79.51,123,70.71,1.68,44.59
2024-07-12,558,1705,0.88,1370.28,630.61,193.24,333,64.84,2.13,32.21
2024-07-13,559,1849,1.66,3062.39,2003.2,80.58,407,65.44,1.0,98.83
2024-07-14,560,1545,1.54,2236.77,1440.14,185.05,277,57.38,4.28,95.63
2024-07-15,561,1259,1.51,2001.49,1389.79,83.07,195,85.07,1.85,47.77
2024-07-16,562,819,2.6,2432.38,1585.35,76.55,323,49.63,3.05,81.3
2024-07-17,563,1476,1.97,3366.35,2348.68,170.06,492,91.55,1.16,48.51
2024-07-18,564,1083,1.9,2416.18,1220.93,71.33,401,38.91,2.17,42.96
2024-07-19,565,1198,4.48,5801.22,3694.98,99.96,149,73.45,4.1,78.89
2024-07-20,566,1815,3.33,6422.47,4327.85,171.69,440,46.0,0.15,46.09
2024-07-21,567,1814,2.79,4974.39,3175.47,53.46,447,43.99,1.67,70.51
2024-07-22,568,1057,2.04,1875.62,951.43,175.49,296,80.87,3.55,22.05
2024-07-23,569,1806,1.27,2411.25,1044.79,55.6,263,43.19,1.48,33.39
2024-07-24,570,1265,4.37,6290.48,3238.58,176.21,188,75.1,3.43,90.0
2024-07-25,571,1816,4.88,8897.03,4497.02,102.56,62,58.11,2.17,11.86
2024-07-26,572,1613,4.99,7041.81,2837.64,58.66,271,72.02,0.52,86.92
2024-07-27,573,1615,4.6,7589.09,3647.99,63.48,373,31.7,4.84,43.17
2024-07-28,574,1218,3.3,3295.1,1733.78,185.62,484,68.88,0.16,60.11
2024-07-29,575,1577,3.43,6230.18,3723.77,190.78,216,94.43,4.22,83.93
2024-07-30,576,895,3.5,2576.24,1775.07,124.93,61,67.42,4.9,98.57
2024-07-31,577,1234,2.27,2933.97,1410.58,139.0,336,43.05,2.31,32.14
2024-08-01,578,864,3.64,3531.26,2120.19,190.65,221,47.84,1.56,46.32
2024-08-02,579,1213,3.92,5415.72,2674.93,144.13,165,54.68,3.55,20.82
2024-08-03,580,1639,4.25,7759.61,4532.95,87.16,281,60.67,1.54,73.52
2024-08-04,581,1745,1.72,2655.38,1162.66,127.46,316,41.97,4.65,45.25
2024-08-05,582,1521,4.32,7111.07,3628.06,121.84,58,32.01,3.34,85.29
2024-08-06,583,1435,2.94,3861.78,1838.28,135.71,73,67.52,0.22,78.18
2024-08-07,584,1560,3.58,4569.96,2583.32,53.19,182,50.94,2.89,64.63
2024-08-08,585,1319,1.72,2237.64,1199.76,121.91,461,85.61,0.11,97.26
2024-08-09,586,1052,0.84,990.04,614.83,55.15,331,76.3,0.75,56.0
2024-08-10,587,901,2.26,2197.32,1028.18,174.6,230,87.65,4.23,27.39
2024-08-11,588,1385,1.18,1775.74,864.48,159.07,227,37.61,2.92,16.38
2024-08-12,589,834,4.64,3461.03,2092.81,52.37,361,84.12,2.99,27.0
2024-08-13,590,1990,0.69,1358.26,624.5,93.55,190,39.87,0.23,36.7
2024-08-14,591,1879,2.14,3588.84,1584.91,117.64,466,61.78,0.95,94.8
2024-08-15,592,1568,0.62,788.67,333.36,190.01,87,91.15,2.3,95.87
2024-08-16,593,1545,3.37,4212.35,2711.73,133.4,339,81.34,3.65,78.57
2024-08-17,594,1308,2.32,3628.15,1780.46,71.3,211,33.18,1.19,30.81
2024-08-18,595,1746,1.68,2639.29,1214.6,76.17,240,34.32,0.73,14.27
2024-08-19,596,1418,2.37,3455.52,1470.87,168.74,210,84.11,3.9,18.75
2024-08-20,597,1006,0.51,508.54,288.32,138.78,89,85.24,2.89,67.09
2024-08-21,598,1657,4.35,8114.91,4945.2,90.22,172,80.12,0.64,49.48
2024-08-22,599,1301,4.82,6547.86,4411.57,94.84,99,80.05,2.55,51.13
2024-08-23,600,1201,3.8,4744.37,3244.86,80.99,127,71.24,2.0,89.37
2024-08-24,601,1811,2.45,3764.33,1993.03,116.64,471,74.06,3.86,45.16
2024-08-25,602,1845,1.77,3537.47,2252.82,79.66,212,32.17,3.04,66.51
2024-08-26,603,1825,3.82,7887.69,3863.47,54.72,322,52.0,0.49,17.86
2024-08-27,604,1994,0.62,1245.64,819.13,68.87,475,37.29,2.59,98.84
2024-08-28,605,1974,2.52,4731.32,2918.84,108.68,50,89.66,3.91,24.51
2024-08-29,606,917,4.33,3260.36,2129.8,79.51,241,80.77,0.9,99.14
2024-08-30,607,1383,3.02,4013.72,1741.62,68.19,84,92.42,4.85,82.39
2024-08-31,608,1707,2.43,4005.18,2503.64,57.1,452,37.9,1.35,43.36
2024-09-01,609,1405,4.7,6059.42,3030.31,191.67,317,53.69,2.23,58.23
2024-09-02,610,1080,3.85,3386.4,1743.06,151.04,366,87.36,0.06,90.28
2024-09-03,611,1880,0.96,1667.76,675.75,161.99,349,82.99,3.52,42.32
2024-09-04,612,1924,2.9,6408.75,3957.0,186.48,87,30.83,4.54,78.13
2024-09-05,613,1441,0.59,782.67,329.55,168.08,497,70.86,0.27,63.44
2024-09-06,614,1216,4.72,6592.72,2794.25,84.61,220,89.98,4.93,23.99
2024-09-07,615,1211,2.38,2520.48,1681.95,161.38,496,89.62,2.94,91.6
2024-09-08,616,1685,0.84,1141.14,641.32,168.19,66,81.96,3.85,18.58
2024-09-09,617,1936,1.64,3518.35,1465.05,160.84,429,45.28,1.65,55.32
2024-09-10,618,1676,4.39,8023.62,4273.55,145.3,311,44.11,1.5,69.52
2024-09-11,619,982,0.55,470.94,323.38,157.03,170,50.31,1.28,32.91
2024-09-12,620,895,3.46,3564.92,1778.39,147.71,484,57.84,0.73,85.01
2024-09-13,621,1424,3.17,3899.94,2048.66,81.3,293,36.02,0.75,24.56
2024-09-14,622,1976,1.94,4002.06,1695.38,67.75,356,73.0,4.48,31.77
2024-09-15,623,1725,1.73,2695.07,1793.75,163.13,431,52.86,1.89,82.17
2024-09-16,624,1147,1.92,2151.44,900.56,80.98,214,51.18,3.35,30.35
2024-09-17,625,1057,4.26,4942.17,2224.54,67.88,357,88.52,1.57,99.52
2024-09-18,626,1335,4.97,7562.95,3429.21,195.46,303,32.22,0.07,88.41
2024-09-19,627,1230,4.98,5030.64,3296.72,121.12,87,74.96,4.49,49.57
2024-09-20,628,1356,3.76,5970.24,4054.72,90.41,180,49.53,3.85,77.4
2024-09-21,629,986,2.23,2592.9,1331.36,57.27,218,80.24,2.84,33.29
2024-09-22,630,1375,4.54,5704.71,3311.69,93.33,215,88.87,2.66,79.67
2024-09-23,631,1862,4.12,6829.3,3640.76,110.93,435,33.36,0.52,56.2
2024-09-24,632,1048,4.53,5531.89,3122.87,69.77,123,68.26,0.75,43.75
2024-09-25,633,1990,3.27,6958.65,3273.28,96.86,201,38.18,4.4,55.29
2024-09-26,634,865,1.73,1785.19,1162.53,80.45,286,39.74,3.11,12.44
2024-09-27,635,1784,1.16,2017.66,1217.93,56.07,306,88.84,1.88,15.64
2024-09-28,636,1562,4.85,7329.37,3742.5,130.48,217,73.07,0.75,26.9
2024-09-29,637,1167,4.36,4522.59,2105.57,86.19,140,41.89,3.5,48.11
2024-09-30,638,1887,2.47,4136.63,2644.04,59.96,76,90.61,2.66,17.62
2024-10-01,639,1365,1.92,2657.56,1086.38,58.18,379,82.24,3.26,15.0
2024-10-02,640,1198,1.05,1380.73,631.02,159.01,157,33.03,4.76,38.19
2024-10-03,641,1636,2.14,3764.02,2167.03,160.71,479,67.27,4.29,81.71
2024-10-04,642,1101,4.07,4261.93,2027.64,145.11,344,77.4,1.31,25.28
2024-10-05,643,1052,3.32,3485.76,1785.02,146.32,472,92.27,3.74,28.57
2024-10-06,644,1417,0.7,1040.56,604.48,101.46,258,53.06,0.15,32.92
2024-10-07,645,1727,4.88,7589.06,3919.52,58.48,432,75.18,3.85,69.23
2024-10-08,646,1461,3.38,4182.15,2166.76,107.87,352,80.27,2.91,39.86
2024-10-09,647,1507,4.38,6637.63,2817.69,173.53,229,50.87,3.35,97.68
2024-10-10,648,1872,0.76,1475.14,605.94,170.43,381,78.13,1.55,74.72
2024-10-11,649,1013,1.44,1266.75,571.78,56.99,346,42.76,4.28,58.2
2024-10-12,650,1912,3.52,6209.62,2778.38,116.94,107,55.77,1.87,65.03
2024-10-13,651,1343,0.6,674.95,284.57,90.88,399,67.79,3.13,38.19
2024-10-14,652,1397,1.26,1594.49,921.64,76.57,395,78.52,2.28,92.46
2024-10-15,653,1445,0.94,1256.46,637.18,186.02,178,55.69,3.42,62.82
2024-10-16,654,1885,3.85,6471.69,3364.7,153.54,395,78.52,1.67,29.65
2024-10-17,655,1090,0.9,1057.22,446.7,165.67,331,80.32,1.16,80.62
2024-10-18,656,1651,3.32,4738.88,2180.73,165.38,489,48.71,1.75,71.44
2024-10-19,657,1794,2.54,5310.36,3030.26,93.79,481,47.35,0.22,24.27
2024-10-20,658,1466,4.07,6107.62,2815.73,92.08,377,60.67,4.04,88.0
2024-10-21,659,948,1.22,1125.32,555.28,135.28,110,78.58,0.83,29.7
2024-10-22,660,1610,3.9,5702.14,2807.22,134.9,336,31.8,1.61,45.87
2024-10-23,661,1831,3.5,7249.4,3975.69,66.87,202,56.47,4.62,29.12
2024-10-24,662,1565,1.93,2557.49,1345.71,156.58,426,79.04,3.71,99.04
2024-10-25,663,1794,1.99,3671.65,1901.36,189.51,62,76.09,0.79,99.0
2024-10-26,664,803,0.61,484.41,328.2,106.37,485,73.51,1.12,98.53
2024-10-27,665,1276,2.75,3651.66,1575.85,110.66,261,48.2,1.81,46.55
2024-10-28,666,836,4.41,4394.7,3036.2,83.36,460,37.86,1.42,95.35
2024-10-29,667,1310,1.13,1574.32,632.59,107.91,386,66.33,1.56,99.63
2024-10-30,668,1982,3.47,7632.41,3503.53,73.3,214,36.45,1.96,79.85
2024-10-31,669,1024,2.61,2789.02,1181.95,109.49,475,67.88,0.51,68.64
2024-11-01,670,991,4.98,4337.14,1928.0,95.91,463,94.25,1.82,40.5
2024-11-02,671,1028,3.38,3511.81,2378.28,178.97,242,74.66,3.48,95.29
2024-11-03,672,1323,2.19,2892.69,1591.69,141.53,404,81.26,4.77,29.14
2024-11-04,673,1147,2.48,2519.82,1197.25,86.72,128,57.3,3.41,62.14
2024-11-05,674,1274,2.18,3097.4,1310.19,118.76,107,63.31,2.27,59.63
2024-11-06,675,1023,0.66,757.66,328.67,163.52,174,87.92,1.5,56.77
2024-11-07,676,1073,2.03,1773.42,913.44,84.66,299,61.84,2.3,86.2
2024-11-08,677,1460,2.91,4117.69,1822.54,189.81,107,70.89,2.61,21.68
2024-11-09,678,1372,2.2,3077.63,1945.7,78.33,217,68.85,1.44,25.63
2024-11-10,679,1096,3.92,3989.76,2103.17,108.68,232,34.47,0.12,90.22
2024-11-11,680,1274,3.37,4617.57,3009.15,53.84,142,65.7,0.02,15.94
2024-11-12,681,1202,4.96,6015.85,4119.9,158.78,482,63.27,0.29,54.91
2024-11-13,682,1570,3.85,5387.37,3150.37,68.18,89,41.76,2.95,85.82
2024-11-14,683,1375,1.18,1528.63,994.41,114.04,210,84.08,4.2,42.21
2024-11-15,684,1831,1.61,2671.97,1307.28,167.7,332,78.92,3.48,48.89
2024-11-16,685,1677,3.59,5736.06,3892.27,152.28,146,79.51,2.2,73.09
2024-11-17,686,1738,4.75,6684.26,3519.92,127.15,496,31.21,2.28,41.48
2024-11-18,687,1579,4.91,8983.74,4793.17,71.42,118,40.26,1.54,44.57
2024-11-19,688,1643,2.64,3637.52,1543.45,131.25,75,90.13,3.79,32.69
2024-11-20,689,858,2.61,2524.55,1251.81,140.01,213,50.95,2.25,83.26
2024-11-21,690,1687,3.86,6121.62,4268.14,96.24,320,63.23,3.11,75.24
2024-11-22,691,1773,2.52,4472.61,3111.73,100.03,187,93.41,0.72,12.54
2024-11-23,692,1555,2.85,4514.03,2806.29,176.7,221,54.11,2.01,17.21
2024-11-24,693,1860,2.37,4628.98,3077.48,164.47,139,75.81,4.89,13.35
2024-11-25,694,1311,3.27,4848.18,2315.33,95.16,245,51.05,1.73,96.57
2024-11-26,695,1171,4.48,5612.18,3392.94,79.14,468,79.48,2.55,54.33
2024-11-27,696,1227,2.34,2970.1,1526.57,81.31,319,48.87,0.29,11.23
2024-11-28,697,846,0.9,631.54,254.81,138.85,240,47.34,4.33,65.33
2024-11-29,698,1904,1.29,2114.15,1321.89,148.73,235,82.82,2.58,58.17
2024-11-30,699,1879,3.5,6580.63,4170.61,108.49,61,45.5,2.09,28.82
2024-12-01,700,1415,5.0,6641.41,2743.38,101.12,460,70.26,2.93,61.88
2024-12-02,701,1547,3.86,6047.52,3322.35,112.52,299,81.26,0.51,45.27
2024-12-03,702,1672,2.29,4044.03,1761.19,156.35,102,83.49,1.66,42.51
2024-12-04,703,1038,4.12,4218.55,2721.09,131.45,241,54.57,3.52,10.74
2024-12-05,704,1128,1.76,1957.71,808.72,61.09,259,65.95,3.3,67.83
2024-12-06,705,1285,0.86,977.21,580.93,90.01,344,51.45,1.38,15.92
2024-12-07,706,826,3.1,2209.69,982.58,69.22,82,73.54,1.35,91.46
2024-12-08,707,856,1.03,999.37,585.39,68.76,68,40.79,0.5,90.2
2024-12-09,708,1816,0.53,1142.9,499.01,135.42,454,89.78,2.59,93.88
2024-12-10,709,1488,3.11,4978.25,2575.27,99.82,460,81.95,0.08,26.74
2024-12-11,710,1586,4.52,7283.88,4923.6,90.63,442,51.24,4.38,91.47
2024-12-12,711,1832,0.65,994.74,578.48,143.82,207,68.51,2.08,19.1
2024-12-13,712,1322,4.27,6223.05,4252.96,138.84,372,42.24,3.67,45.6
2024-12-14,713,1920,4.08,7519.94,4031.54,100.49,180,64.0,3.85,64.84
2024-12-15,714,1135,0.92,1216.31,695.68,120.44,287,35.02,2.37,61.25
2024-12-16,715,1919,2.95,5168.61,3223.99,199.06,235,77.86,1.19,56.35
2024-12-17,716,977,3.24,3419.13,1440.18,67.89,151,49.22,4.84,53.16
2024-12-18,717,1831,3.19,4840.04,3020.24,83.35,346,84.5,3.52,65.89
2024-12-19,718,1373,2.21,2813.54,1303.3,125.75,453,67.22,2.71,10.02
2024-12-20,719,1020,4.93,4333.45,2908.27,149.11,69,90.85,2.23,75.01
2024-12-21,720,1993,3.03,6109.2,2997.21,128.52,478,87.84,0.59,75.01
2024-12-22,721,909,3.52,3010.7,1690.43,169.05,309,82.01,4.49,39.02
2024-12-23,722,1626,2.36,4290.68,2254.53,87.1,176,79.18,0.13,78.41
2024-12-24,723,1449,0.62,844.95,511.45,156.53,429,42.32,3.63,75.17
2024-12-25,724,1405,3.57,5267.67,3429.9,195.23,121,90.8,1.69,94.61
2024-12-26,725,1051,3.33,2819.26,1685.39,132.85,376,46.35,4.66,84.5
2024-12-27,726,1351,4.21,6182.5,2879.62,76.39,293,32.57,1.52,70.21
2024-12-28,727,882,1.69,1676.56,1144.46,162.2,415,74.4,3.03,65.85
2024-12-29,728,1032,0.63,725.14,460.02,77.05,455,47.7,3.71,22.94
2024-12-30,729,811,3.83,3236.23,1715.02,183.83,145,34.34,1.69,23.57
2024-12-31,730,1384,1.51,1803.4,1154.41,154.51,137,56.83,4.78,38.93
2025-01-01,731,1888,3.07,4914.19,2836.63,73.52,240,61.71,2.31,80.62
2025-01-02,732,1962,2.51,4353.88,2601.16,118.56,415,40.21,1.59,53.77
2025-01-03,733,848,1.97,1636.57,1047.9,181.32,321,71.8,4.18,45.37
2025-01-04,734,1709,2.03,2919.4,1688.92,110.08,439,35.72,4.66,30.87
2025-01-05,735,1991,2.3,4871.78,2633.62,183.19,401,42.28,1.15,79.98
2025-01-06,736,1018,4.55,5139.04,2771.55,115.04,126,67.09,4.14,19.65
2025-01-07,737,1552,4.53,8407.84,4004.54,85.34,196,94.08,4.23,53.6
2025-01-08,738,1995,4.25,7076.46,4014.4,96.01,318,92.57,0.73,19.38
2025-01-09,739,1507,3.92,6268.19,4149.43,70.69,207,33.85,0.81,60.0
2025-01-10,740,880,1.83,1350.21,620.39,127.56,255,72.0,1.6,50.44
2025-01-11,741,1656,0.72,1031.22,598.92,73.54,329,83.69,0.65,40.92
2025-01-12,742,1280,1.54,1656.59,1113.63,151.22,192,69.56,2.41,69.61
2025-01-13,743,1173,3.41,3772.97,2014.92,73.5,382,62.79,4.96,93.4
2025-01-14,744,1600,3.32,5613.21,3739.93,170.04,206,33.71,2.55,37.85
2025-01-15,745,1135,1.45,1734.39,907.0,81.92,452,66.36,0.78,53.7
2025-01-16,746,1904,4.04,7893.0,5225.57,96.51,492,58.77,1.46,66.5
2025-01-17,747,1190,3.43,4158.83,2349.49,94.8,348,40.82,4.98,10.65
2025-01-18,748,1979,4.36,9964.24,5789.24,147.03,288,52.79,1.41,77.7
2025-01-19,749,1998,2.42,4646.89,2091.59,107.34,365,37.29,2.54,57.25
2025-01-20,750,1954,4.17,7265.43,4292.44,165.65,173,93.73,0.53,33.7
2025-01-21,751,1677,1.91,3272.03,1319.54,104.48,373,47.08,2.0,82.97
2025-01-22,752,1576,0.9,1482.05,951.22,65.14,389,43.49,2.52,87.53
2025-01-23,753,1869,2.94,4479.11,2942.11,171.61,100,39.24,4.47,13.74
2025-01-24,754,1465,4.77,6564.27,4482.82,143.56,462,56.04,3.04,47.46
2025-01-25,755,1076,3.03,3868.59,2389.41,63.62,392,75.0,4.28,54.25
2025-01-26,756,1566,3.49,4881.14,2070.12,93.0,82,83.07,3.62,72.97
2025-01-27,757,1252,2.15,2292.49,1215.77,105.63,221,58.29,1.41,80.94
2025-01-28,758,882,1.19,1221.78,705.81,161.77,156,65.11,3.4,47.04
2025-01-29,759,1029,3.5,3348.53,2333.04,81.72,458,48.01,1.78,87.15
2025-01-30,760,1809,2.15,4542.6,2681.21,151.84,461,61.95,3.4,55.47
2025-01-31,761,1138,2.62,2925.61,1625.01,93.05,458,59.64,0.91,36.38
2025-02-01,762,1629,1.15,1855.99,1154.48,101.93,252,34.01,3.09,11.15
2025-02-02,763,1867,4.79,9284.92,3779.93,63.77,411,49.85,0.1,26.61
2025-02-03,764,1495,3.86,5947.61,2857.5,132.12,282,37.02,1.46,43.73
2025-02-04,765,1811,2.56,4900.92,2242.55,120.28,227,90.02,0.96,69.75
2025-02-05,766,1525,2.67,4319.65,2481.02,130.94,179,73.17,0.97,87.73
2025-02-06,767,863,3.5,3471.13,1791.57,125.03,122,89.48,3.96,51.52
2025-02-07,768,1942,1.72,3295.19,2000.52,138.08,297,50.17,2.93,72.16
2025-02-08,769,827,2.05,1546.66,875.7,77.69,314,63.02,0.57,58.78
2025-02-09,770,958,4.33,3988.02,2349.1,101.63,56,65.07,3.32,64.8
2025-02-10,771,1766,1.94,4087.89,2587.58,88.35,156,69.95,4.77,58.87
2025-02-11,772,812,1.33,893.34,488.18,168.84,178,91.56,3.92,28.44
2025-02-12,773,1915,1.99,3844.13,2673.39,109.15,241,44.75,3.09,74.49
2025-02-13,774,1810,0.96,1856.29,857.99,65.78,410,69.76,2.39,71.89
2025-02-14,775,1915,3.93,8118.13,5024.75,188.16,153,47.77,0.22,21.83
2025-02-15,776,1707,3.22,5117.89,2516.94,132.36,149,35.46,3.62,12.94
2025-02-16,777,1352,1.49,2034.27,1234.36,159.83,140,46.16,2.72,78.7
2025-02-17,778,1863,0.64,1109.3,729.01,95.62,74,56.28,2.57,38.38
2025-02-18,779,858,4.88,3495.62,1446.24,168.88,125,54.01,0.38,68.83
2025-02-19,780,1842,2.55,5328.37,3611.41,188.95,406,49.23,3.51,54.43
2025-02-20,781,1911,2.09,4102.58,1882.16,108.15,407,83.33,1.85,25.85
2025-02-21,782,933,2.27,2333.68,1193.53,107.49,63,73.47,3.73,39.47
2025-02-22,783,833,3.9,3535.0,1656.83,179.89,243,64.21,4.81,37.32
2025-02-23,784,1833,3.52,5328.1,2567.51,173.43,388,80.56,1.07,31.57
2025-02-24,785,1756,1.89,2853.33,1681.02,93.73,113,84.24,4.48,17.56
2025-02-25,786,1800,3.87,5979.01,2758.98,70.78,255,70.9,2.06,40.45
2025-02-26,787,1262,4.94,6338.06,3886.57,66.16,397,66.07,3.81,46.58
2025-02-27,788,816,1.02,793.05,427.03,110.9,262,49.41,0.84,42.72
2025-02-28,789,923,3.19,3421.13,2147.75,105.6,300,44.05,4.37,37.97
2025-03-01,790,1831,3.5,6678.5,2689.41,58.38,364,76.55,4.65,90.41
2025-03-02,791,1478,3.31,4558.52,3101.37,57.21,72,43.54,0.94,49.37
2025-03-03,792,1814,2.66,4479.44,3085.29,148.47,304,70.11,3.78,63.53
2025-03-04,793,1074,3.46,3239.86,1808.42,133.22,426,73.61,2.97,67.67
2025-03-05,794,809,0.77,722.08,502.49,199.03,207,79.79,3.2,31.22
2025-03-06,795,1569,2.92,4946.1,3347.91,123.16,52,49.59,1.71,72.09
2025-03-07,796,1999,1.28,2629.94,1215.82,57.45,337,51.17,3.48,41.24
2025-03-08,797,1289,1.51,1962.85,1342.99,174.63,444,48.87,2.73,32.85
2025-03-09,798,1735,2.31,4800.91,2659.82,78.54,424,56.33,4.62,50.65
2025-03-10,799,1846,4.95,9503.62,4046.39,92.94,281,92.98,0.32,29.47
2025-03-11,800,1234,0.71,1017.28,470.29,93.6,411,48.69,0.84,98.87
2025-03-12,801,1175,0.7,665.82,439.3,114.71,208,70.03,4.58,94.94
2025-03-13,802,1975,3.12,6795.86,3434.38,99.08,415,45.65,4.13,73.63
2025-03-14,803,1742,4.57,7446.75,4026.33,77.28,416,66.88,0.93,71.27
2025-03-15,804,1060,1.3,1271.42,577.92,86.31,114,56.55,3.02,38.44
2025-03-16,805,1464,3.71,5098.56,2739.62,156.52,63,61.91,4.52,42.48
2025-03-17,806,983,3.87,3045.99,1460.53,97.3,256,34.12,0.09,85.34
2025-03-18,807,1165,4.97,5622.52,3423.38,125.89,216,62.44,3.95,32.27
2025-03-19,808,1596,5.0,6748.8,3744.47,185.98,202,85.14,1.35,88.24
2025-03-20,809,1973,3.72,7529.47,4552.3,126.43,328,86.01,0.0,79.75
2025-03-21,810,1397,2.03,3154.59,1692.72,144.23,237,78.07,3.6,23.81
2025-03-22,811,1992,3.62,8092.04,5424.11,77.63,355,47.25,4.16,12.78
2025-03-23,812,1110,0.67,745.39,350.67,124.63,227,81.66,1.22,16.64
2025-03-24,813,1933,1.44,3147.26,1556.97,173.83,387,66.1,1.08,82.88
2025-03-25,814,1336,4.29,6403.3,3435.21,144.43,152,36.74,4.05,73.54
2025-03-26,815,1362,2.93,4037.3,1651.31,51.66,314,70.24,4.55,48.03
2025-03-27,816,1541,0.92,1623.62,725.43,82.22,259,79.92,1.89,33.25
2025-03-28,817,1082,4.37,5470.27,2739.45,107.32,321,84.63,4.45,75.05
2025-03-29,818,1049,3.45,3202.03,1722.86,81.3,142,37.71,2.45,96.49
2025-03-30,819,1170,4.83,6475.97,3356.24,71.89,181,67.07,3.33,12.86
2025-03-31,820,1854,4.65,9179.94,3980.99,153.9,201,50.86,2.96,83.74
2025-04-01,821,1668,3.81,6854.31,4281.82,140.99,286,38.14,4.38,79.92
2025-04-02,822,1183,4.6,4890.02,2521.95,106.19,420,35.17,4.34,66.68
2025-04-03,823,1319,4.93,7788.05,3710.28,59.44,150,49.13,2.55,12.85
2025-04-04,824,1613,5.0,8659.58,5942.61,196.26,186,64.03,1.75,75.74
2025-04-05,825,893,0.77,569.31,349.99,184.14,271,67.92,4.2,47.8
2025-04-06,826,1292,4.72,5957.46,2407.31,158.61,439,72.46,3.02,67.38
2025-04-07,827,1383,3.88,6411.5,4233.67,72.92,296,59.26,4.12,18.72
2025-04-08,828,1739,3.6,5312.28,2967.88,124.92,247,59.14,4.8,46.4
2025-04-09,829,906,2.07,1627.34,880.38,172.41,301,48.63,4.19,23.57
2025-04-10,830,1167,3.02,3434.66,2287.62,98.24,320,70.45,2.95,28.95
2025-04-11,831,1827,2.97,5957.35,3394.37,187.78,451,79.52,3.31,83.65
2025-04-12,832,831,4.85,3808.05,2295.98,122.57,470,67.83,4.77,48.32
2025-04-13,833,1945,0.69,1321.7,761.56,99.8,429,40.22,0.59,14.77
2025-04-14,834,1995,3.28,7189.19,5019.6,70.47,473,51.39,2.27,43.41
2025-04-15,835,924,2.01,2115.91,1022.42,73.5,486,66.9,4.15,43.02
2025-04-16,836,1876,3.52,7201.2,3709.49,116.65,318,94.9,4.45,35.77
2025-04-17,837,1255,2.89,4096.19,2259.94,95.8,283,42.29,2.45,70.36
2025-04-18,838,1496,4.43,5659.75,2852.83,53.34,476,87.69,0.19,90.13
2025-04-19,839,929,1.57,1410.33,645.64,169.48,121,74.88,4.88,93.28
2025-04-20,840,1681,2.56,4023.33,2574.92,102.88,478,89.5,2.13,62.28
2025-04-21,841,1517,1.14,1447.08,908.49,83.57,451,69.28,3.49,92.14
2025-04-22,842,1872,4.52,9297.39,5231.34,189.71,141,64.21,0.79,73.92
2025-04-23,843,1643,1.29,2037.41,1391.15,168.36,440,93.88,2.13,98.45
2025-04-24,844,876,4.61,3491.8,1835.36,188.44,61,64.99,3.86,39.74
2025-04-25,845,1379,4.01,6470.59,3566.96,85.28,193,41.34,1.4,31.93
2025-04-26,846,1778,3.16,4757.59,2959.41,155.66,407,46.34,3.48,71.12
2025-04-27,847,1820,4.96,9519.48,3855.74,64.28,253,67.54,4.47,84.94
2025-04-28,848,1543,1.74,2404.46,1031.86,146.9,212,86.05,0.17,15.19
2025-04-29,849,1209,1.55,2182.55,1003.78,140.09,463,51.56,3.95,20.05
2025-04-30,850,1746,4.48,7709.43,4949.35,121.0,486,83.26,1.71,95.85
2025-05-01,851,1309,3.54,5292.91,2375.91,126.83,397,48.78,0.88,18.86
2025-05-02,852,993,3.1,3249.41,2079.34,145.58,486,32.12,0.69,66.05
2025-05-03,853,879,3.54,3132.41,1604.67,138.8,122,55.06,0.63,16.83
2025-05-04,854,870,1.34,1220.57,788.02,77.5,247,89.32,3.03,89.74
2025-05-05,855,1776,2.79,5665.76,3707.56,198.65,220,38.84,3.81,97.13
2025-05-06,856,1933,2.23,3890.0,1837.76,69.58,172,45.8,3.82,45.94
2025-05-07,857,829,4.22,3516.09,1710.29,75.93,459,40.75,4.39,18.08
2025-05-08,858,1135,4.39,5490.01,3364.52,88.75,436,32.51,3.82,29.33
2025-05-09,859,1339,4.01,4888.55,2008.41,99.28,444,45.65,3.43,32.01
2025-05-10,860,1057,1.59,1716.48,865.1,57.89,420,54.41,3.31,35.28
2025-05-11,861,1643,3.29,6175.03,2755.0,100.81,81,59.42,3.57,45.23
2025-05-12,862,1580,2.64,4042.67,1717.35,175.32,312,92.99,2.39,33.96
2025-05-13,863,1506,0.58,991.76,612.22,172.0,139,76.41,1.15,77.14
2025-05-14,864,923,2.7,2120.1,1062.1,86.85,163,68.1,2.51,66.31
2025-05-15,865,1129,0.85,1061.2,546.6,182.43,474,92.92,4.42,69.18
2025-05-16,866,1969,3.98,7753.6,3158.57,145.83,492,84.79,2.89,89.65
2025-05-17,867,1932,1.0,2146.76,1450.96,56.13,422,67.42,4.69,34.17
2025-05-18,868,910,1.03,990.8,624.21,93.59,103,81.14,2.03,22.64
2025-05-19,869,1634,1.51,2240.7,1133.42,70.72,349,74.5,2.58,15.12
2025-05-20,870,1155,4.86,6406.84,4375.97,180.24,224,33.41,1.39,55.63
2025-05-21,871,1894,1.43,2206.36,1285.88,99.54,298,92.44,2.92,10.01
2025-05-22,872,1541,3.32,4275.97,2280.78,120.97,390,88.21,3.06,53.05
2025-05-23,873,1049,2.43,2214.61,885.98,96.31,145,56.21,4.42,25.0
2025-05-24,874,1455,2.6,3572.52,1889.24,60.93,248,73.13,1.35,26.0
2025-05-25,875,1967,3.41,6567.95,3104.69,71.5,67,79.15,1.62,33.3
2025-05-26,876,1489,4.04,5442.32,2787.65,192.9,256,38.89,2.19,13.61
2025-05-27,877,1734,2.73,4713.56,3209.78,109.57,133,46.87,0.78,24.79
2025-05-28,878,1814,2.48,3930.91,1890.11,90.9,268,35.62,1.36,99.68
2025-05-29,879,1367,4.28,4691.52,3229.03,59.04,410,47.22,0.85,33.18
2025-05-30,880,1119,1.83,2401.41,1002.3,107.45,460,79.37,1.2,65.98
2025-05-31,881,1035,4.2,4406.32,1853.71,127.59,63,89.08,4.05,56.31
2025-06-01,882,894,1.7,1455.45,898.01,115.68,164,64.03,1.1,33.99
2025-06-02,883,1426,3.2,5424.19,2759.42,134.42,327,47.62,0.98,91.57
2025-06-03,884,1377,3.32,4562.0,2605.77,91.2,412,53.0,0.69,88.18
2025-06-04,885,1502,2.54,4534.0,2257.87,83.36,91,86.16,0.58,83.87
2025-06-05,886,1689,3.15,4711.18,2248.79,86.5,218,67.84,2.32,41.98
2025-06-06,887,1604,1.45,1923.66,946.27,99.03,374,73.65,2.55,22.03
2025-06-07,888,1935,1.32,2695.68,1136.38,89.1,475,36.09,2.3,70.21
2025-06-08,889,1691,3.15,4352.71,2423.1,120.47,136,86.36,4.06,81.49
2025-06-09,890,1897,1.22,2035.86,814.57,137.89,106,84.41,0.97,55.24
2025-06-10,891,845,0.66,602.56,340.06,138.66,197,89.82,4.47,62.4
2025-06-11,892,1653,2.9,4087.45,2088.37,124.93,400,73.27,2.22,73.22
2025-06-12,893,1753,1.16,2277.02,1294.96,140.52,452,56.32,2.76,39.15
2025-06-13,894,1874,1.82,2914.51,2011.99,173.0,328,59.73,0.61,21.4
2025-06-14,895,1492,2.94,4349.91,1954.99,159.51,486,83.93,4.77,45.34
2025-06-15,896,875,3.39,2654.64,1743.85,102.49,461,36.57,4.93,87.83
2025-06-16,897,994,1.41,1676.92,996.17,174.63,97,95.0,3.86,80.58
2025-06-17,898,1775,4.72,8427.96,5744.37,83.03,445,91.92,2.74,10.93
2025-06-18,899,1621,3.34,5622.68,3875.9,161.89,391,84.43,1.47,31.79
2025-06-19,900,864,2.45,2489.68,1594.96,61.97,473,67.98,3.54,64.11
2025-06-20,901,1689,2.15,3182.06,1388.66,136.25,230,88.09,1.73,98.73
2025-06-21,902,1175,3.37,4658.19,2128.13,109.88,252,41.95,4.99,83.88
2025-06-22,903,1749,1.47,2214.62,1069.23,184.64,129,49.56,3.19,36.06
2025-06-23,904,1656,1.24,1762.03,868.38,126.73,305,89.49,3.13,44.63
2025-06-24,905,1192,4.48,4318.06,2877.63,143.42,114,61.58,3.62,80.56
2025-06-25,906,1481,3.44,4626.45,2252.63,91.86,427,83.58,4.7,98.56
2025-06-26,907,1548,4.86,8808.27,5469.73,85.3,141,33.95,3.88,40.18
2025-06-27,908,822,3.89,3442.66,2077.32,67.92,134,55.05,0.16,17.41
2025-06-28,909,907,4.02,2926.5,1897.45,68.26,298,82.66,3.95,64.95
2025-06-29,910,1394,2.98,3931.76,2630.47,122.05,290,94.21,1.0,89.12
2025-06-30,911,1061,2.96,3347.61,1748.68,106.09,252,69.81,1.25,65.91
2025-07-01,912,1683,3.07,4210.56,2824.79,89.56,115,40.59,2.67,48.74
2025-07-02,913,1864,1.69,2940.32,1687.92,165.58,327,60.58,4.53,28.81
2025-07-03,914,1788,3.92,6917.3,4612.63,171.21,438,85.56,3.19,18.59
2025-07-04,915,1304,2.11,2848.64,1819.72,77.01,138,48.39,1.22,82.98
2025-07-05,916,1363,1.48,2073.98,943.04,124.03,319,64.96,0.03,18.75
2025-07-06,917,1551,0.83,1521.18,739.27,169.0,320,71.07,2.03,77.18
2025-07-07,918,1953,3.39,5675.35,3063.95,113.99,417,86.32,1.75,22.78
2025-07-08,919,1251,4.52,6592.97,3838.54,190.49,105,58.14,2.01,50.01
2025-07-09,920,936,4.08,4391.89,2828.83,78.21,272,39.61,0.79,84.3
2025-07-10,921,1974,0.71,1543.02,1059.61,153.83,260,39.35,0.58,50.37
2025-07-11,922,1564,1.09,1706.91,767.59,65.02,300,82.26,3.0,65.35
2025-07-12,923,1285,3.36,5082.0,2112.27,188.91,74,77.81,0.58,57.9
2025-07-13,924,1595,4.59,8714.05,4950.4,149.74,142,47.13,1.11,88.7
2025-07-14,925,1554,0.63,1001.31,663.69,91.68,366,94.01,3.56,20.36
2025-07-15,926,1281,0.7,752.11,345.1,164.78,242,35.09,3.2,55.26
2025-07-16,927,1733,2.6,4407.86,3034.42,64.5,378,43.78,0.23,48.98
2025-07-17,928,1963,4.08,7674.79,4108.51,193.69,234,33.47,3.31,78.56
2025-07-18,929,1970,4.89,8116.87,4455.37,139.03,443,45.26,0.97,70.07
2025-07-19,930,1020,3.58,3728.79,1828.65,93.04,233,49.89,2.34,93.5
2025-07-20,931,1270,1.71,2392.85,1164.52,108.46,461,91.51,4.44,21.12
2025-07-21,932,1175,3.43,3741.8,2104.91,116.71,50,49.52,4.8,99.19
2025-07-22,933,1689,2.68,5194.89,3452.84,145.29,56,53.12,1.83,11.84
2025-07-23,934,1788,2.42,4974.66,2207.36,144.01,301,83.41,2.78,59.24
2025-07-24,935,2000,0.81,1565.58,905.25,162.45,446,58.85,3.99,77.01
2025-07-25,936,1645,2.77,4227.05,2301.9,133.45,326,71.2,3.25,10.09
2025-07-26,937,830,2.74,1959.99,828.16,196.37,362,74.23,4.95,93.91
2025-07-27,938,1094,1.64,2097.47,1429.36,166.81,320,85.89,0.79,64.9
2025-07-28,939,1048,1.04,1113.68,647.6,184.38,342,48.96,1.52,21.24
2025-07-29,940,1285,2.72,3081.46,1527.2,184.49,195,58.28,3.82,51.72
2025-07-30,941,1830,0.8,1417.44,834.9,99.74,315,30.98,2.87,42.09
2025-07-31,942,973,4.67,4825.58,2166.32,157.37,163,46.92,3.79,22.49
2025-08-01,943,1861,2.18,3476.97,1439.15,103.4,62,94.96,2.48,88.42
2025-08-02,944,1579,3.99,5214.29,3343.66,63.01,79,74.09,0.75,69.06
2025-08-03,945,1205,0.6,674.82,403.02,188.52,496,61.53,3.4,90.29
2025-08-04,946,1262,1.71,2544.33,1402.28,57.29,50,94.91,4.76,46.84
2025-08-05,947,1798,0.73,1095.2,476.43,79.02,96,52.78,1.97,13.07
2025-08-06,948,1171,0.83,794.21,343.46,93.85,237,84.92,3.79,70.82
2025-08-07,949,1919,3.27,5899.03,2590.67,192.37,357,74.47,2.79,34.78
2025-08-08,950,1643,2.39,4533.48,2289.17,73.24,222,82.55,4.72,22.25
2025-08-09,951,1592,1.35,2001.4,1313.14,53.95,484,90.02,0.14,63.7
2025-08-10,952,1063,1.87,1860.6,1203.62,51.1,230,36.1,1.09,86.24
2025-08-11,953,1233,3.22,3725.99,2006.22,94.77,84,61.13,0.56,74.88
2025-08-12,954,1056,3.18,2803.35,1767.61,166.2,347,53.75,3.55,17.19
2025-08-13,955,1338,1.46,2176.14,1172.02,116.74,243,70.51,0.57,59.98
2025-08-14,956,1792,2.34,4488.75,3104.27,156.35,391,83.17,1.85,44.32
2025-08-15,957,1324,2.11,2300.44,1606.72,86.03,241,71.12,4.95,97.61
2025-08-16,958,855,3.7,2765.08,1492.1,165.38,86,87.28,2.09,73.35
2025-08-17,959,1046,1.46,1714.72,972.0,100.61,419,72.7,1.31,42.45
2025-08-18,960,1168,2.4,3362.07,1829.27,175.04,122,79.54,4.51,10.46
2025-08-19,961,1809,2.23,4402.04,2523.92,57.56,184,78.45,4.78,66.01
2025-08-20,962,1613,2.11,3973.45,2518.11,176.33,442,47.86,3.35,64.79
2025-08-21,963,879,4.26,4327.84,2837.67,94.37,365,78.08,3.2,56.89
2025-08-22,964,1949,4.77,8303.4,5485.89,144.68,285,47.35,0.62,52.01
2025-08-23,965,831,2.85,1995.5,981.09,57.49,284,47.35,2.25,23.14
2025-08-24,966,1438,3.08,5277.8,3326.5,91.94,139,34.0,4.34,56.58
2025-08-25,967,1048,3.65,4002.52,2198.71,192.77,389,63.15,2.12,29.49
2025-08-26,968,1827,1.7,2602.99,1559.85,59.51,437,78.36,2.38,24.93
2025-08-27,969,988,2.48,2278.46,943.73,101.42,55,32.21,3.84,24.06
2025-08-28,970,1187,3.88,5295.53,3240.93,158.72,277,54.54,4.27,60.68
2025-08-29,971,1073,4.85,5408.95,3338.93,61.79,123,55.46,2.23,14.93
2025-08-30,972,1028,3.73,3110.75,1632.33,104.62,106,78.43,4.49,63.11
2025-08-31,973,1662,3.11,4658.48,3020.59,173.62,87,55.75,0.43,83.75
2025-09-01,974,1818,4.74,9425.19,5887.17,104.84,108,49.57,0.15,33.59
2025-09-02,975,1879,3.76,8077.64,3248.24,132.52,450,73.49,2.5,21.75
2025-09-03,976,810,3.56,2831.87,1589.76,165.05,431,94.2,3.79,35.58
2025-09-04,977,1546,4.54,7317.25,3496.97,105.85,491,64.37,2.68,21.16
2025-09-05,978,1059,1.19,1456.16,990.16,127.61,357,51.04,4.48,27.35
2025-09-06,979,864,3.86,2855.21,1552.32,69.59,277,76.74,2.62,94.15
2025-09-07,980,1928,1.02,1631.14,801.28,193.59,393,39.52,1.96,41.8
2025-09-08,981,1090,2.22,2583.66,1691.78,92.64,227,35.37,4.1,28.15
2025-09-09,982,1672,4.89,7838.9,5468.8,160.83,484,71.72,1.74,35.5
2025-09-10,983,1189,2.7,3046.13,1562.72,91.43,70,63.2,4.89,10.97
2025-09-11,984,806,0.73,558.53,276.17,193.2,244,82.29,1.94,91.15
2025-09-12,985,1306,2.05,2852.94,1500.77,112.4,363,36.97,1.72,99.69
2025-09-13,986,1347,3.35,4053.86,2539.66,118.82,181,43.49,0.2,12.2
2025-09-14,987,1440,2.54,3722.72,2498.61,163.45,337,87.91,0.55,83.32
2025-09-15,988,1767,0.6,1051.78,598.27,175.97,276,44.36,3.07,22.26
2025-09-16,989,1015,3.91,3446.07,1521.49,116.51,167,74.35,2.82,29.76
2025-09-17,990,1576,1.05,1555.72,646.96,107.73,388,60.05,4.04,45.08
2025-09-18,991,1647,1.17,2273.65,1174.27,109.62,437,42.63,4.18,53.9
2025-09-19,992,868,2.77,1964.86,1116.34,61.6,271,64.26,3.87,81.39
2025-09-20,993,1208,3.09,4091.9,2320.47,168.66,186,43.88,0.41,59.41
2025-09-21,994,1075,3.92,4816.19,3301.52,115.73,344,43.35,4.18,77.63
2025-09-22,995,1130,2.08,2101.19,1158.78,167.38,186,64.37,2.8,92.99
2025-09-23,996,1935,3.18,5678.23,2751.49,180.22,124,69.36,1.91,43.78
2025-09-24,997,1768,2.68,5069.48,3217.92,121.87,485,35.32,1.14,78.58
2025-09-25,998,996,3.06,3105.99,1428.34,94.39,169,74.63,0.82,66.88
2025-09-26,999,1440,1.33,1571.82,911.42,120.57,242,85.61,2.65,98.69
2025-09-27,1000,1591,4.68,6566.98,4114.36,114.99,415,81.92,4.6,59.1
2025-09-28,1001,823,3.02,2457.73,1605.51,73.79,197,71.77,0.73,97.8
2025-09-29,1002,1260,2.93,4390.75,2604.43,73.52,154,69.3,1.11,56.56
2025-09-30,1003,1288,2.01,2367.24,1269.99,169.28,236,30.25,1.82,19.51
2025-10-01,1004,1926,1.84,3862.12,2343.77,140.0,156,82.78,0.46,99.7
2025-10-02,1005,821,1.76,1485.78,774.76,90.7,302,70.17,2.44,48.48
2025-10-03,1006,1379,3.37,4751.21,2649.21,181.81,144,65.55,2.55,15.75
2025-10-04,1007,1205,3.93,4766.11,2622.71,99.3,170,48.55,2.75,43.73
2025-10-05,1008,1568,0.64,865.03,426.96,119.97,340,64.67,0.8,87.47
2025-10-06,1009,1128,2.41,2531.05,1165.7,68.97,251,58.4,3.71,45.82
2025-10-07,1010,1854,2.63,3914.25,2374.03,104.36,389,90.09,4.18,36.22
2025-10-08,1011,1787,1.2,2067.8,1227.26,154.99,442,80.92,1.98,17.08
2025-10-09,1012,1925,2.99,5986.27,3328.06,91.15,406,73.4,2.41,77.09
2025-10-10,1013,1169,4.69,5289.99,2495.53,117.34,241,55.89,2.2,79.31
2025-10-11,1014,1775,4.12,7970.26,4975.45,174.89,423,82.45,4.19,66.15
2025-10-12,1015,815,4.61,3259.42,1639.0,106.76,148,32.12,3.68,82.34
2025-10-13,1016,1266,1.9,2801.44,1596.44,166.35,386,80.43,1.25,36.09
2025-10-14,1017,1861,0.74,1133.09,757.49,90.17,257,42.31,0.21,66.92
2025-10-15,1018,1482,4.51,5759.85,3363.9,103.67,336,45.84,4.52,16.72
2025-10-16,1019,1365,3.6,5526.44,3484.69,155.71,72,52.35,0.65,20.13
2025-10-17,1020,1362,4.79,6974.03,4354.03,107.88,347,52.52,3.38,41.15
2025-10-18,1021,1808,1.92,3050.84,1376.03,183.19,164,92.35,2.36,77.21
2025-10-19,1022,1582,1.31,1868.04,820.79,149.54,227,66.03,0.49,32.92
2025-10-20,1023,809,1.51,1375.28,859.74,155.75,54,62.05,1.24,39.05
2025-10-21,1024,1329,0.86,1229.81,806.52,75.59,482,54.43,2.38,71.26
2025-10-22,1025,1929,3.6,5803.61,3406.1,121.59,156,64.38,1.07,43.7
2025-10-23,1026,1094,4.08,4324.98,2343.68,113.32,168,61.49,4.82,39.38
2025-10-24,1027,1853,4.85,7205.82,4576.49,121.74,282,60.01,3.48,31.88
2025-10-25,1028,1367,0.62,824.15,448.94,80.42,413,79.74,4.33,30.64
2025-10-26,1029,1057,0.83,994.02,662.14,89.6,457,63.72,2.34,64.45
2025-10-27,1030,1536,0.96,1292.99,627.43,187.84,295,89.85,2.99,45.94
2025-10-28,1031,1410,3.88,4424.64,2167.7,72.13,170,69.5,4.37,82.12
2025-10-29,1032,1631,1.89,2617.24,1115.25,97.52,207,48.95,4.77,38.27
2025-10-30,1033,856,3.67,2557.42,1357.58,61.88,66,35.98,3.96,65.24
2025-10-31,1034,1255,1.3,1774.56,1187.47,166.38,334,44.75,0.97,37.0
2025-11-01,1035,1967,1.44,2762.95,1275.11,76.68,375,84.73,0.53,69.72
2025-11-02,1036,1383,2.68,3119.34,1929.56,157.88,218,36.71,0.98,42.51
2025-11-03,1037,801,2.99,2413.84,1002.25,147.64,394,60.81,4.78,52.87
2025-11-04,1038,1711,1.58,2267.4,1525.03,86.69,405,91.38,0.79,70.9
2025-11-05,1039,1613,2.3,3830.28,2632.86,53.93,183,81.07,4.71,45.44
2025-11-06,1040,1563,3.54,4549.9,2157.03,173.64,230,35.36,2.52,19.34
2025-11-07,1041,1989,1.73,3128.61,1844.08,85.35,94,73.48,3.83,66.87
2025-11-08,1042,1031,3.59,3074.08,1606.33,85.52,113,90.19,4.23,74.4
2025-11-09,1043,827,4.72,4421.43,3091.27,64.62,164,71.6,0.05,24.39
2025-11-10,1044,1133,4.52,4452.38,2248.81,62.85,436,75.33,0.95,11.57
2025-11-11,1045,1365,2.95,4284.2,2335.14,124.89,228,87.74,2.22,85.38
2025-11-12,1046,1404,2.36,3940.2,2006.3,69.71,424,85.75,2.23,32.71
2025-11-13,1047,1295,1.45,1717.71,1126.08,66.59,141,53.14,2.65,61.13
2025-11-14,1048,989,2.91,2650.64,1675.31,110.1,187,38.64,0.75,38.83
2025-11-15,1049,809,4.6,3767.59,2473.89,68.28,81,85.05,0.21,72.07
2025-11-16,1050,1090,3.23,3740.67,2013.71,89.9,371,62.34,1.78,15.61
2025-11-17,1051,881,2.2,1726.03,751.0,55.82,85,94.28,4.13,20.15
2025-11-18,1052,1058,4.38,5497.68,2295.17,125.81,434,82.56,0.82,72.95
2025-11-19,1053,1780,1.98,4067.04,1678.6,197.7,157,47.89,2.06,92.26
2025-11-20,1054,1844,1.26,2643.04,1358.83,110.14,424,86.15,0.89,20.65
2025-11-21,1055,1849,4.48,6761.26,3529.75,160.51,182,67.82,4.68,75.11
2025-11-22,1056,1720,3.95,7363.13,4311.4,180.78,181,61.23,2.15,69.57
2025-11-23,1057,1206,5.0,6392.02,3825.41,102.57,200,39.76,1.4,34.24
2025-11-24,1058,1521,1.42,2477.28,1587.23,65.57,119,62.11,4.02,10.71
2025-11-25,1059,1411,2.63,3899.82,2591.0,153.03,243,53.21,1.07,98.71
2025-11-26,1060,1278,3.51,3918.22,2169.62,195.32,493,58.41,2.66,16.03
2025-11-27,1061,1486,1.99,3321.4,1406.73,90.18,224,34.54,4.2,11.25
2025-11-28,1062,1817,3.41,5136.02,2678.96,102.57,386,33.49,3.0,64.66
2025-11-29,1063,1621,4.11,6166.75,2861.72,118.12,303,48.87,4.77,17.87
2025-11-30,1064,815,2.02,1789.81,933.68,99.67,324,76.49,1.04,27.55
2025-12-01,1065,1858,3.87,6861.37,4450.08,83.93,345,82.04,2.54,83.03
2025-12-02,1066,1718,0.86,1574.98,886.59,87.3,391,91.02,3.77,10.75
2025-12-03,1067,1983,0.94,1677.04,953.28,163.25,127,64.82,4.93,22.22
2025-12-04,1068,808,4.18,3136.0,2040.13,93.85,234,54.96,0.6,78.65
2025-12-05,1069,1766,2.48,4018.1,2521.54,68.9,338,43.02,4.1,90.87
2025-12-06,1070,1775,1.13,2021.44,1109.85,66.84,178,55.92,4.58,31.0
2025-12-07,1071,1439,3.74,5064.93,2781.43,70.79,140,59.94,1.24,51.11
2025-12-08,1072,1882,0.99,1608.29,767.03,184.84,242,77.0,3.4,89.66
2025-12-09,1073,1157,2.35,2995.33,1271.28,171.5,86,60.77,3.93,15.73
2025-12-10,1074,1740,1.72,3198.83,1296.39,66.03,333,72.51,0.23,49.86
2025-12-11,1075,880,0.79,729.64,466.84,160.51,495,60.23,4.89,74.9
2025-12-12,1076,1989,1.69,3797.87,2231.08,195.46,211,51.47,2.58,69.26
2025-12-13,1077,871,3.79,2650.54,1608.63,102.29,181,42.87,1.66,25.49
2025-12-14,1078,1274,1.39,1723.37,1148.46,176.85,121,32.08,4.68,31.83
2025-12-15,1079,1378,4.82,6219.3,4145.63,190.47,130,48.99,4.49,70.24
2025-12-16,1080,1702,1.61,3251.07,1581.05,107.3,229,66.47,0.97,67.55
2025-12-17,1081,1154,2.12,2560.95,1259.16,160.15,196,62.75,3.82,93.85
2025-12-18,1082,1328,1.93,2347.82,1466.21,127.26,306,84.68,1.05,69.67
2025-12-19,1083,1711,4.51,6602.09,3392.36,110.97,93,80.2,3.4,38.28
2025-12-20,1084,1538,2.78,4251.36,2402.32,102.14,194,43.92,2.05,23.08
2025-12-21,1085,1546,1.32,1812.38,1024.07,95.35,288,40.32,1.44,46.37
2025-12-22,1086,1239,2.7,2697.48,1160.58,58.51,202,32.15,0.06,30.97
2025-12-23,1087,1028,0.53,614.76,256.64,195.26,397,93.31,1.21,76.43
2025-12-24,1088,1483,2.65,4713.83,2784.16,73.44,373,34.37,1.68,21.71
2025-12-25,1089,1132,1.1,1323.31,617.61,96.11,343,88.35,2.63,32.25
2025-12-26,1090,915,2.45,2632.19,1059.59,116.93,452,82.46,3.16,20.16
2025-12-27,1091,1594,0.69,1291.98,703.12,125.42,320,89.06,2.04,59.53
2025-12-28,1092,881,0.54,418.53,182.44,148.95,490,76.34,1.33,40.61
2025-12-29,1093,1865,4.51,8759.09,4114.6,58.31,354,56.72,4.81,17.31
2025-12-30,1094,1321,3.04,4464.62,2728.4,97.37,124,73.63,2.03,52.23
2025-12-31,1095,1464,4.02,6239.22,3805.22,108.09,479,69.77,0.88,85.33
2026-01-01,1096,1185,1.35,1669.36,720.38,67.44,302,71.07,4.22,43.88
2026-01-02,1097,1245,4.82,5371.83,2463.24,125.2,449,67.55,2.99,19.58
2026-01-03,1098,911,3.71,3181.54,1779.06,111.6,279,71.99,1.7,32.05
2026-01-04,1099,1068,3.54,4208.41,2913.58,65.89,319,45.97,1.0,26.92
2026-01-05,1100,1454,3.59,6255.82,4110.78,152.61,364,63.0,1.76,19.66
2026-01-06,1101,1547,3.37,5659.73,3135.07,70.35,487,60.45,3.95,80.19
2026-01-07,1102,1429,0.93,1445.99,902.29,80.12,53,33.42,2.83,82.87
2026-01-08,1103,1176,1.73,1816.03,872.75,139.14,433,36.78,2.99,66.22
2026-01-09,1104,994,1.87,2164.78,1081.97,96.72,350,63.9,0.29,27.86
2026-01-10,1105,1946,1.26,2296.73,1526.51,65.66,416,71.33,2.19,58.4
2026-01-11,1106,1686,4.76,6712.0,4283.75,182.23,445,71.07,2.99,95.31
2026-01-12,1107,1835,4.45,7212.34,4117.86,96.41,323,88.66,4.8,42.06
2026-01-13,1108,1022,4.46,4405.97,2401.87,68.56,155,37.6,2.01,41.07
2026-01-14,1109,1995,1.03,1649.91,1068.21,84.83,407,87.91,3.23,59.24
2026-01-15,1110,800,2.57,1679.01,983.94,72.17,458,59.98,3.36,32.08
2026-01-16,1111,1312,4.9,6643.49,4081.5,128.68,311,33.01,3.48,17.87
2026-01-17,1112,1912,4.53,8837.07,5843.06,176.14,400,88.43,1.83,41.06
2026-01-18,1113,1807,4.82,9220.49,5123.49,181.62,457,49.36,3.62,86.8
2026-01-19,1114,1920,2.38,5375.92,3634.02,145.88,71,76.73,4.86,31.92
2026-01-20,1115,1700,4.55,6979.92,3997.2,145.73,234,57.36,1.3,77.11
2026-01-21,1116,830,3.9,3365.94,1768.23,61.97,118,32.5,1.28,78.45
2026-01-22,1117,1685,4.16,7288.74,4752.07,165.0,322,75.64,2.54,43.46
2026-01-23,1118,871,3.82,3795.86,2522.52,61.37,440,55.76,2.33,92.54
2026-01-24,1119,837,1.82,1766.66,1138.32,120.19,225,68.73,4.83,58.31
2026-01-25,1120,942,1.25,1061.05,506.53,194.75,320,56.77,3.99,50.53
2026-01-26,1121,1282,2.54,2837.98,1710.06,121.41,166,41.24,4.06,78.57
2026-01-27,1122,1255,2.9,3331.28,1672.9,184.74,373,92.53,2.95,97.99
2026-01-28,1123,1646,4.45,6690.66,4360.77,160.51,140,84.07,3.92,17.48
2026-01-29,1124,1721,4.54,7278.27,3423.74,123.07,258,93.43,3.28,33.88
2026-01-30,1125,1959,2.91,4814.34,2007.46,162.41,241,56.62,4.53,74.83
2026-01-31,1126,890,1.09,1072.91,746.35,193.51,267,77.99,1.71,80.89
2026-02-01,1127,1630,2.1,3369.36,2176.51,57.83,93,75.95,1.59,93.47
2026-02-02,1128,1510,4.75,8163.75,3401.96,159.75,175,91.82,4.75,44.12
2026-02-03,1129,1142,2.14,2521.06,1051.0,145.45,493,50.45,2.49,20.5
2026-02-04,1130,1850,0.85,1428.05,656.17,137.61,427,92.7,0.0,61.97
2026-02-05,1131,1469,1.36,2352.33,1315.75,68.12,142,73.52,1.42,87.07
2026-02-06,1132,1867,4.07,6105.29,4154.42,87.62,233,32.48,3.69,97.92
2026-02-07,1133,1004,2.43,2391.53,1414.9,86.94,312,77.0,3.18,63.65
2026-02-08,1134,1697,3.48,5007.45,3217.4,84.94,158,40.51,3.78,58.94
2026-02-09,1135,1640,3.97,5272.03,2978.64,137.98,129,58.44,2.51,72.86
2026-02-10,1136,1626,4.11,6809.91,4215.75,182.87,271,48.86,4.01,14.33
2026-02-11,1137,1076,3.22,3984.12,2512.83,129.75,340,61.33,4.09,68.03
2026-02-12,1138,1184,0.73,828.78,379.58,97.36,493,47.22,4.76,66.21
2026-02-13,1139,1080,4.1,4678.31,2571.34,150.4,178,58.07,3.36,99.12
2026-02-14,1140,908,3.72,2865.81,1801.76,91.47,122,94.94,4.26,18.78
2026-02-15,1141,1020,3.0,3170.85,1493.02,165.27,82,84.38,0.57,36.65
2026-02-16,1142,876,3.73,2922.65,1593.39,157.03,259,85.27,4.92,38.06
2026-02-17,1143,889,4.05,3270.83,1779.9,166.62,239,32.34,3.79,27.32
2026-02-18,1144,1525,2.63,4057.31,1802.36,170.85,444,92.45,0.86,63.03
2026-02-19,1145,1671,4.7,7015.04,3274.7,75.41,422,54.57,1.06,23.81
2026-02-20,1146,1311,2.53,3854.59,2611.27,61.3,373,60.9,4.19,37.12
2026-02-21,1147,1349,1.05,1468.9,725.19,96.18,320,42.13,0.26,87.77
2026-02-22,1148,1606,3.0,5054.98,2575.61,150.21,225,44.98,3.78,90.83
2026-02-23,1149,1672,0.74,1062.9,546.78,156.73,215,69.63,4.65,70.74
2026-02-24,1150,1628,1.98,3585.11,2394.99,118.09,197,80.58,0.09,34.93
2026-02-25,1151,1176,3.54,4048.33,2474.46,68.24,491,66.86,3.76,90.24
2026-02-26,1152,1920,0.93,1645.44,1028.43,156.94,109,55.59,2.62,96.25
2026-02-27,1153,1007,2.53,2735.42,1644.17,72.12,368,77.79,4.21,82.06
2026-02-28,1154,1977,2.28,4270.34,2317.04,99.65,290,58.43,4.43,69.55
2026-03-01,1155,1260,3.92,4560.27,2442.39,148.37,66,47.14,1.97,69.13
2026-03-02,1156,1339,0.56,620.0,401.56,194.42,283,46.06,3.7,75.63
2026-03-03,1157,1172,2.35,2229.29,1470.03,78.49,315,60.73,1.8,82.01
2026-03-04,1158,1356,2.1,2638.43,1520.71,64.09,68,61.43,1.62,62.45
2026-03-05,1159,1885,4.45,8629.3,4625.68,64.87,474,39.5,2.84,50.63
2026-03-06,1160,867,2.37,2271.28,1073.18,50.78,64,82.28,1.54,64.05
2026-03-07,1161,1805,0.71,1053.1,436.76,165.72,100,48.85,0.43,43.91
2026-03-08,1162,896,4.88,3516.3,2063.6,105.17,398,84.84,3.32,16.48
2026-03-09,1163,1949,2.29,4092.73,2153.6,155.38,461,50.61,2.61,31.33
2026-03-10,1164,1591,4.24,6917.84,3570.18,82.14,380,78.23,1.78,64.06
2026-03-11,1165,1967,1.41,3102.67,1539.79,115.08,323,76.39,4.84,36.99
2026-03-12,1166,1789,0.84,1296.25,833.63,175.41,491,66.72,0.83,12.56
2026-03-13,1167,1279,2.77,3853.31,1647.62,103.72,153,92.49,3.66,31.48
2026-03-14,1168,1270,1.41,1568.78,784.82,193.71,349,66.73,1.14,85.67
2026-03-15,1169,1910,3.19,5866.45,2601.17,107.3,426,65.32,4.35,75.13
2026-03-16,1170,1625,1.7,3194.85,1552.7,64.67,182,63.66,3.94,87.91
2026-03-17,1171,1984,2.4,5173.16,2884.29,77.98,97,48.94,1.74,36.36
2026-03-18,1172,1559,4.45,7376.42,4918.17,170.86,406,92.55,4.03,74.44
2026-03-19,1173,1971,0.96,2073.05,885.03,68.64,347,51.16,2.83,33.91
2026-03-20,1174,1943,0.6,1161.2,475.01,134.53,394,65.23,4.19,38.68
2026-03-21,1175,1984,1.94,3150.2,1717.75,58.68,73,84.43,3.79,54.84
2026-03-22,1176,1608,2.28,3614.67,1545.04,198.0,96,37.36,0.98,80.39
2026-03-23,1177,1171,4.15,4066.48,2178.36,88.65,375,58.8,3.09,98.17
2026-03-24,1178,1148,2.13,2261.93,1033.68,109.94,451,47.06,0.73,31.75
2026-03-25,1179,1111,2.6,2449.05,1105.0,163.12,324,87.22,4.09,91.74
2026-03-26,1180,1577,0.87,1115.49,629.67,108.84,446,81.34,4.3,13.01
2026-03-27,1181,1925,2.81,4674.12,2748.69,179.95,149,85.93,2.79,42.73
2026-03-28,1182,1301,0.54,630.37,372.18,194.24,287,43.56,0.16,14.08
2026-03-29,1183,1374,4.7,5972.01,3289.23,181.3,120,89.57,3.92,18.49
2026-03-30,1184,1890,2.98,6247.28,3728.51,166.3,80,84.44,3.74,53.45
2026-03-31,1185,1459,3.18,4049.7,2257.95,129.89,382,91.25,0.6,92.85
2026-04-01,1186,1621,2.56,3398.3,2165.53,95.94,473,81.5,4.27,68.43
2026-04-02,1187,1400,1.43,2121.07,1214.99,50.79,295,78.86,0.94,65.51
2026-04-03,1188,1310,0.56,619.36,328.11,100.04,465,84.57,0.81,16.94
2026-04-04,1189,1654,4.1,5823.8,2814.74,98.6,332,77.75,4.54,44.56
2026-04-05,1190,1852,3.63,6424.27,2806.54,71.77,272,57.34,1.95,93.08
2026-04-06,1191,1307,3.02,3288.74,1486.91,86.85,163,42.2,1.82,11.53
2026-04-07,1192,1047,2.74,2576.91,1537.54,178.53,231,64.42,1.25,89.9
2026-04-08,1193,1733,2.98,5521.64,3036.24,167.59,84,81.3,2.24,63.88
2026-04-09,1194,1211,4.96,5258.16,2248.7,57.48,198,40.32,0.65,65.55
2026-04-10,1195,1962,1.05,1654.9,960.83,187.57,169,76.48,4.06,49.17
2026-04-11,1196,1156,0.62,694.96,422.33,114.42,85,64.23,2.24,73.32
2026-04-12,1197,1949,2.88,5778.42,3385.02,169.21,117,89.95,1.81,78.79
2026-04-13,1198,956,2.8,2345.71,1176.57,89.6,379,88.44,4.46,32.13
2026-04-14,1199,1645,4.39,8486.82,5530.57,142.72,416,34.91,4.04,99.41
2026-04-15,1200,1264,2.21,3203.78,2217.44,69.97,279,52.76,0.23,60.15
2026-04-16,1201,1842,2.03,3520.85,1678.5,52.71,483,79.47,4.6,77.14
2026-04-17,1202,1506,2.76,4119.28,1985.58,115.4,340,53.89,4.69,48.07
2026-04-18,1203,1947,4.56,8511.59,4445.89,170.58,356,72.24,2.57,38.97
2026-04-19,1204,1519,1.2,1742.57,1056.57,71.03,199,30.47,3.91,78.62
2026-04-20,1205,1063,2.67,2650.44,1188.73,158.25,129,64.94,4.9,39.25
2026-04-21,1206,1340,2.64,3742.15,1747.89,84.14,482,63.48,3.64,95.01
2026-04-22,1207,1792,1.44,2765.1,1147.5,72.49,409,33.75,4.96,11.14
2026-04-23,1208,1149,1.04,992.64,441.92,137.6,351,56.26,1.79,71.68
2026-04-24,1209,1466,4.73,6213.53,3249.0,189.73,346,72.27,2.72,21.05
2026-04-25,1210,1631,4.93,8776.26,5213.04,191.16,102,63.61,3.63,72.91
2026-04-26,1211,1795,2.89,5908.16,3780.69,62.07,360,55.9,2.46,41.89
2026-04-27,1212,1705,3.35,6664.23,2665.76,118.03,451,33.83,0.11,12.54
2026-04-28,1213,1658,4.27,6304.85,3130.97,124.78,267,52.97,4.53,91.73
2026-04-29,1214,1147,4.73,5481.31,2392.52,178.76,145,93.1,1.71,54.98
2026-04-30,1215,1863,3.55,6427.76,3908.93,197.8,381,32.55,2.58,96.69
2026-05-01,1216,1875,1.39,2266.43,1534.84,176.95,123,43.53,1.64,28.34
2026-05-02,1217,1563,1.24,1970.89,1256.92,165.46,411,43.96,1.1,62.8
2026-05-03,1218,1309,3.42,3594.9,1934.52,87.2,81,60.89,4.4,30.79
2026-05-04,1219,1902,1.47,2516.31,1462.53,85.64,374,80.25,3.28,55.85
2026-05-05,1220,1095,2.98,3063.72,1293.13,91.93,309,65.96,3.77,65.38
2026-05-06,1221,800,3.17,2831.6,1449.17,104.98,150,44.58,4.22,90.65
2026-05-07,1222,819,2.39,1869.39,1140.03,53.7,61,67.07,2.29,85.54
2026-05-08,1223,1903,3.82,6855.43,4522.78,67.17,57,64.46,3.19,11.39
2026-05-09,1224,1505,1.25,1699.53,896.02,150.2,71,52.04,3.49,49.98
2026-05-10,1225,1258,4.52,6213.93,2526.14,142.49,152,85.71,4.09,70.63
2026-05-11,1226,1913,1.6,3553.17,1482.09,59.32,76,89.07,2.59,73.09
2026-05-12,1227,1813,3.36,5385.77,3253.43,143.94,375,48.73,2.82,78.99
2026-05-13,1228,1877,1.84,2873.87,1899.18,162.34,195,50.81,3.39,54.49
2026-05-14,1229,889,3.44,3257.81,1481.1,77.33,282,30.45,0.34,74.07
2026-05-15,1230,1591,3.02,4062.71,2661.67,132.87,268,86.85,0.92,73.09
2026-05-16,1231,1354,3.65,5798.9,3776.78,125.33,204,48.21,3.48,57.08
2026-05-17,1232,1337,1.9,2841.87,1622.47,66.55,50,31.42,4.78,79.42
2026-05-18,1233,1847,4.04,6699.24,3797.12,164.18,244,51.59,1.92,70.74
2026-05-19,1234,1831,0.98,2062.57,1118.75,143.69,66,66.54,3.98,26.51
2026-05-20,1235,1281,1.98,2740.83,1551.15,100.9,397,61.32,3.35,86.44
2026-05-21,1236,955,4.99,4028.35,2133.41,61.88,213,88.98,2.0,91.2
2026-05-22,1237,849,0.63,632.13,348.93,199.46,242,54.62,0.68,81.56
2026-05-23,1238,1334,1.99,2958.81,2059.34,150.33,58,91.38,0.12,35.3
2026-05-24,1239,810,3.8,3391.37,2330.96,75.44,387,84.86,1.68,52.45
2026-05-25,1240,1351,0.55,809.6,536.89,189.89,128,35.93,1.78,29.41
2026-05-26,1241,1512,2.8,4794.56,2597.25,50.25,319,42.2,0.73,27.81
2026-05-27,1242,818,1.72,1187.78,494.94,72.15,83,49.13,3.74,16.76
2026-05-28,1243,863,4.54,3973.71,2103.13,146.41,403,72.38,1.94,77.05
2026-05-29,1244,1330,3.44,3742.92,2179.41,175.93,373,45.18,3.52,92.71
2026-05-30,1245,887,3.7,3141.26,2025.38,67.35,52,42.07,1.07,20.21
2026-05-31,1246,1629,3.68,5474.67,3067.76,139.36,103,35.44,3.72,31.81
2026-06-01,1247,1396,1.22,1781.86,1015.03,148.68,137,91.62,3.6,13.43
2026-06-02,1248,1719,1.25,1947.85,1360.69,198.77,423,88.4,0.6,62.65
2026-06-03,1249,1358,0.7,870.35,560.03,149.75,473,36.63,2.21,31.45
2026-06-04,1250,1729,4.67,9255.35,5880.55,133.82,113,50.61,1.6,84.91
2026-06-05,1251,978,2.2,2472.17,1240.41,172.35,323,70.52,0.46,97.95
2026-06-06,1252,1849,3.13,5638.92,3778.17,190.09,138,37.51,1.76,33.1
2026-06-07,1253,989,3.49,3803.3,2036.01,151.58,212,90.01,3.87,84.27
2026-06-08,1254,1095,2.72,3177.93,1733.5,102.17,164,54.38,3.85,94.38
2026-06-09,1255,1404,2.07,3400.74,1665.79,66.86,76,40.24,3.82,25.48
2026-06-10,1256,1671,2.72,4177.26,1762.39,125.92,349,34.12,3.5,15.9
2026-06-11,1257,1563,2.55,4754.35,3231.32,80.36,157,71.81,1.83,20.9
2026-06-12,1258,804,4.29,4057.67,2127.64,187.66,112,48.49,1.19,35.67
2026-06-13,1259,1296,1.98,2835.15,1148.6,169.8,77,32.21,4.59,85.31
2026-06-14,1260,1427,3.01,5094.87,2491.1,122.38,309,59.98,3.32,29.22
2026-06-15,1261,995,4.14,3802.78,1716.11,110.21,219,76.69,4.94,22.74
2026-06-16,1262,1688,2.73,4350.53,2292.92,114.57,259,70.19,0.94,70.2
2026-06-17,1263,1238,1.36,1600.8,747.59,81.7,147,33.0,3.61,93.33
2026-06-18,1264,1835,2.02,4000.39,1650.58,134.08,334,53.51,2.69,24.81
2026-06-19,1265,882,1.36,976.89,558.83,60.0,232,41.43,2.89,16.48
2026-06-20,1266,1250,3.51,4616.61,1966.33,199.23,344,81.4,1.22,71.29
2026-06-21,1267,1576,2.22,3433.0,1596.42,76.56,461,35.12,1.37,84.32
2026-06-22,1268,1918,0.62,1325.34,618.39,140.66,115,41.9,3.26,48.61
2026-06-23,1269,1042,2.23,1949.81,1148.01,97.73,433,32.37,4.41,80.67
2026-06-24,1270,1180,3.15,3500.35,1833.87,65.37,454,80.66,2.22,70.2
2026-06-25,1271,1619,2.51,4138.15,2173.57,149.97,281,82.32,0.15,41.03
2026-06-26,1272,1695,1.72,3297.64,2246.62,109.32,149,88.99,3.54,29.4
2026-06-27,1273,1960,2.15,4746.18,3071.26,133.07,350,37.27,0.1,99.34
2026-06-28,1274,1863,0.69,1465.62,623.99,95.04,215,71.15,0.95,62.96
2026-06-29,1275,1102,3.6,4084.7,2332.01,95.73,215,93.33,4.13,68.98
2026-06-30,1276,1395,2.25,3357.63,1907.45,113.98,144,54.65,0.22,76.3
2026-07-01,1277,1816,1.67,3056.76,1941.95,128.99,409,48.1,0.19,88.77
2026-07-02,1278,1864,1.02,1851.8,769.97,186.09,73,67.06,4.36,25.52
2026-07-03,1279,1388,3.88,5454.59,2634.3,51.19,152,33.42,0.81,99.76
2026-07-04,1280,1932,2.73,4477.81,2298.44,127.74,156,53.5,0.23,64.26
2026-07-05,1281,1526,4.92,7446.93,3920.52,116.71,331,76.51,1.95,63.44
2026-07-06,1282,1220,1.42,1446.47,639.99,153.79,450,69.51,1.71,65.02
2026-07-07,1283,1936,4.1,8647.1,3740.38,136.41,146,82.35,0.95,32.07
2026-07-08,1284,1549,0.87,1315.05,691.9,111.94,435,32.94,2.11,31.62
2026-07-09,1285,1555,2.39,3867.74,1992.68,175.13,319,69.32,4.97,24.89
2026-07-10,1286,1267,1.65,1767.8,1110.25,155.26,433,44.0,3.31,23.98
2026-07-11,1287,1238,2.17,3011.85,1850.85,92.18,331,85.27,4.94,65.27
2026-07-12,1288,1128,0.52,567.94,334.06,76.42,252,61.42,3.55,84.97
2026-07-13,1289,1334,2.46,3486.66,2414.77,126.79,211,62.82,3.89,19.6
2026-07-14,1290,1389,3.42,4288.82,1933.63,96.83,333,61.19,0.84,59.6
2026-07-15,1291,1852,2.58,5667.19,3172.29,50.18,451,89.03,2.48,96.47
2026-07-16,1292,1077,2.08,1859.05,901.11,123.88,204,54.0,1.45,12.81
2026-07-17,1293,1488,2.32,3253.42,1731.65,78.83,89,79.18,3.38,25.64
2026-07-18,1294,1785,4.84,10240.28,5022.6,148.77,475,88.23,3.74,47.59
2026-07-19,1295,1498,2.29,2847.92,1739.13,64.81,180,37.84,4.75,69.82
2026-07-20,1296,1684,4.6,6689.16,4667.51,66.48,110,38.23,3.47,21.88
2026-07-21,1297,1859,0.93,1713.66,1067.02,188.9,400,33.34,4.89,69.55
2026-07-22,1298,1903,2.63,5313.37,2254.21,174.79,404,45.25,1.45,38.84
2026-07-23,1299,1753,1.75,3546.69,1634.43,57.39,194,36.99,0.06,69.96
2026-07-24,1300,1334,1.38,2082.12,1369.17,199.89,213,41.39,4.77,84.06
2026-07-25,1301,964,3.39,3101.31,1412.15,168.27,122,49.4,0.36,11.7
2026-07-26,1302,1161,2.41,2271.48,1260.44,131.42,490,46.71,4.71,69.66
2026-07-27,1303,869,1.58,1378.27,635.16,149.11,427,83.3,2.51,83.93
2026-07-28,1304,1068,1.03,958.63,527.34,52.76,88,68.76,2.93,33.7
2026-07-29,1305,865,3.39,3120.71,1257.51,106.15,337,59.57,4.37,49.87
2026-07-30,1306,1162,2.56,3477.0,1528.25,157.44,112,89.1,4.87,37.33
2026-07-31,1307,1114,0.85,787.17,328.37,73.23,420,51.33,4.07,46.99
2026-08-01,1308,1129,2.46,2655.36,1296.51,168.06,429,72.21,1.4,32.7
2026-08-02,1309,1637,1.12,1704.81,1184.82,117.01,80,87.38,2.1,77.34
2026-08-03,1310,1572,1.95,3616.34,2368.09,86.22,142,72.44,4.62,60.9
2026-08-04,1311,874,4.83,4546.1,1854.0,196.58,214,35.93,2.66,43.51
2026-08-05,1312,1773,2.68,4451.69,2799.08,65.62,180,68.69,0.24,20.1
2026-08-06,1313,1417,0.69,1166.75,729.04,86.88,393,75.98,0.16,66.82
2026-08-07,1314,960,1.38,1105.88,478.81,138.09,459,44.06,2.49,81.01
2026-08-08,1315,1113,1.71,2198.34,1277.1,126.14,303,33.44,4.76,49.78
2026-08-09,1316,1252,0.62,881.36,489.51,79.79,330,52.08,3.64,12.75
2026-08-10,1317,1959,4.59,9774.86,5509.94,64.49,127,42.89,0.82,15.22
2026-08-11,1318,1746,0.75,1565.65,641.56,188.01,270,41.58,0.94,25.53
2026-08-12,1319,1597,3.77,5590.47,2600.04,85.75,364,78.79,1.76,84.91
2026-08-13,1320,1479,0.81,1124.23,740.09,188.47,328,50.25,2.4,26.79
2026-08-14,1321,802,3.07,2354.38,1167.01,190.61,383,76.03,0.14,87.83
2026-08-15,1322,1434,2.03,3259.41,1542.63,121.31,192,50.79,3.47,59.94
2026-08-16,1323,1064,2.33,2940.05,2009.05,63.14,355,54.6,0.03,40.55
2026-08-17,1324,1091,4.41,4520.55,2725.54,158.7,328,91.94,1.8,56.95
2026-08-18,1325,801,1.28,870.18,383.21,185.44,121,66.11,2.23,62.38
2026-08-19,1326,1469,0.72,1114.73,629.26,50.42,50,55.76,1.65,81.66
2026-08-20,1327,1863,1.56,2763.7,1822.96,172.28,464,50.38,0.08,69.91
2026-08-21,1328,1582,1.82,2633.51,1754.85,95.3,316,74.74,4.55,78.28
2026-08-22,1329,1106,2.12,2361.93,1103.96,76.98,168,68.9,0.78,17.49
2026-08-23,1330,1516,2.71,4014.56,2100.79,70.37,196,55.26,1.6,80.82
2026-08-24,1331,1293,2.75,3059.97,1309.4,84.81,168,53.28,4.16,34.61
2026-08-25,1332,1334,3.04,3497.11,2052.25,101.21,381,34.88,3.41,59.58
2026-08-26,1333,1019,3.43,3572.29,1609.61,145.47,399,63.29,0.6,34.44
2026-08-27,1334,878,4.26,3442.79,2079.96,62.27,71,81.48,1.5,40.01
2026-08-28,1335,1311,1.39,1924.69,1332.18,180.58,248,94.41,3.27,20.89
2026-08-29,1336,1107,1.5,1866.87,1090.78,70.13,342,59.58,4.03,60.62
2026-08-30,1337,1483,4.8,6257.64,4277.75,155.35,460,68.75,0.74,88.6
2026-08-31,1338,1127,2.5,2969.86,1341.7,122.84,369,84.52,4.86,23.35
2026-09-01,1339,1606,3.93,6252.0,2860.13,80.84,216,55.93,0.28,29.17
2026-09-02,1340,1680,2.38,4023.18,2389.86,78.82,421,40.83,0.58,28.42
2026-09-03,1341,923,4.67,5120.98,3566.06,121.83,423,39.96,0.15,38.82
2026-09-04,1342,1639,3.3,5913.43,2498.95,133.92,373,62.93,4.54,60.44
2026-09-05,1343,1405,2.3,3103.99,1505.85,130.14,354,30.28,0.29,88.2
2026-09-06,1344,930,2.02,1856.35,1206.42,69.64,386,50.28,3.78,27.71
2026-09-07,1345,1123,2.39,2975.0,1252.8,85.61,246,35.7,3.32,33.65
2026-09-08,1346,1712,1.58,3054.49,1918.06,97.28,321,54.81,1.41,74.04
2026-09-09,1347,1762,3.15,5037.26,2207.21,141.83,374,72.37,0.61,89.73
2026-09-10,1348,1170,4.58,6133.91,4138.53,183.36,96,30.12,2.76,83.69
2026-09-11,1349,1148,2.78,3569.02,2261.39,58.83,241,64.39,3.84,80.0
2026-09-12,1350,1254,4.81,6188.98,2859.22,103.67,92,49.29,0.94,66.29
2026-09-13,1351,1272,1.09,1244.84,819.31,82.48,212,42.07,1.19,31.87
2026-09-14,1352,1148,2.45,3179.44,1782.74,180.96,158,73.78,3.43,18.48
2026-09-15,1353,1913,2.47,4360.71,2005.86,92.06,75,36.34,4.06,79.54
2026-09-16,1354,921,2.38,1834.24,1001.92,116.3,145,88.67,0.03,15.47
2026-09-17,1355,1768,2.24,3640.19,2464.43,146.87,451,45.05,0.61,21.92
2026-09-18,1356,1208,0.58,600.13,416.28,164.44,140,92.85,4.8,40.07
2026-09-19,1357,1650,1.16,2023.36,1288.76,97.02,346,61.52,4.04,55.39
2026-09-20,1358,1758,1.68,3396.88,1479.83,178.3,500,31.42,4.72,69.92
2026-09-21,1359,1443,3.23,4473.95,2176.57,146.45,55,65.55,1.55,68.02
2026-09-22,1360,1145,1.96,2437.9,1001.93,189.8,495,42.69,1.06,13.1
2026-09-23,1361,855,4.57,3566.24,1879.91,135.24,125,38.72,3.63,24.21
2026-09-24,1362,1795,1.11,2058.23,988.69,112.95,179,50.54,0.34,76.25
2026-09-25,1363,1110,4.6,5063.39,3296.76,99.78,350,67.58,4.39,10.89
2026-09-26,1364,1804,4.59,9737.64,4520.93,157.76,278,49.12,3.79,52.57
2026-09-27,1365,1637,3.7,7197.52,3115.26,182.22,212,73.78,0.5,64.48
2026-09-28,1366,846,3.85,3615.47,1751.92,175.9,259,89.45,4.74,51.43
2026-09-29,1367,1688,1.8,2881.2,1837.75,196.53,477,42.31,2.75,72.8
2026-09-30,1368,810,0.55,491.97,322.64,186.39,100,78.05,0.62,58.38
2026-10-01,1369,978,4.39,4470.62,2825.58,85.53,197,31.12,3.77,64.72
2026-10-02,1370,1843,1.52,3272.26,2267.22,108.71,160,34.96,4.04,27.1
2026-10-03,1371,1196,4.02,4168.1,2415.6,115.85,114,57.43,0.82,73.13
2026-10-04,1372,1024,0.66,567.59,361.86,185.12,365,92.04,1.87,64.65
2026-10-05,1373,1773,3.56,6150.6,3109.49,94.47,480,56.67,1.93,86.98
2026-10-06,1374,853,3.78,3447.99,1426.06,58.97,389,78.89,4.66,79.81
2026-10-07,1375,827,4.62,3069.3,1333.56,60.62,69,85.41,1.24,40.95
2026-10-08,1376,1796,2.78,4922.39,3223.3,65.26,236,91.86,1.17,24.64
2026-10-09,1377,1236,2.43,3055.41,1871.98,103.04,149,41.11,0.82,16.81
2026-10-10,1378,1768,2.69,4885.24,2981.55,105.64,408,73.48,4.61,10.36
2026-10-11,1379,1918,1.05,1822.1,943.88,169.74,243,49.57,3.68,40.35
2026-10-12,1380,1443,3.6,4218.03,2536.84,115.66,251,42.63,4.28,91.71
2026-10-13,1381,1502,0.64,1013.0,499.15,142.48,99,75.82,4.85,98.65
2026-10-14,1382,1374,1.97,2753.45,1631.02,76.42,139,73.89,4.23,53.02
2026-10-15,1383,1354,1.83,2516.28,1337.43,69.01,499,85.4,4.71,42.22
2026-10-16,1384,1225,4.16,5336.1,2778.29,177.85,187,71.84,3.4,86.66
2026-10-17,1385,1409,0.8,1016.19,496.04,198.95,133,73.25,0.32,47.89
2026-10-18,1386,1415,2.0,3220.03,2161.85,71.48,269,46.17,4.25,30.7
2026-10-19,1387,944,1.46,1261.86,509.81,52.91,355,89.18,4.78,93.89
2026-10-20,1388,1728,4.37,6786.69,2769.92,117.61,127,77.99,2.64,12.44
2026-10-21,1389,1291,3.6,4827.67,2834.8,89.98,151,74.97,1.37,19.36
2026-10-22,1390,1675,1.39,2654.93,1555.56,155.63,96,78.02,0.2,47.61
2026-10-23,1391,957,0.8,624.08,398.38,158.59,363,34.29,3.46,45.45
2026-10-24,1392,887,2.94,3048.2,1629.01,154.5,284,76.87,4.97,35.14
2026-10-25,1393,1233,4.78,6422.46,4437.07,159.13,172,43.09,1.03,32.75
2026-10-26,1394,1523,1.88,2806.35,1213.54,130.79,79,74.11,4.98,87.91
2026-10-27,1395,1454,1.39,2176.5,980.25,70.16,53,84.23,3.57,39.5
2026-10-28,1396,1101,2.28,2870.35,1552.74,143.72,182,82.73,2.2,58.57
2026-10-29,1397,1114,0.92,888.01,519.93,51.54,225,30.97,0.2,35.44
2026-10-30,1398,1816,2.6,4105.57,2261.21,93.43,338,47.12,1.93,42.04
2026-10-31,1399,873,2.9,2753.99,1797.03,183.72,184,49.44,1.19,52.7
2026-11-01,1400,1234,3.96,5820.04,3647.66,60.24,311,73.44,3.27,99.44
2026-11-02,1401,1419,1.96,2521.94,1499.54,89.36,103,36.25,0.31,64.05
2026-11-03,1402,837,3.32,2500.63,1522.69,89.14,156,45.63,2.33,72.21
2026-11-04,1403,993,4.45,3597.24,2233.85,156.85,441,75.65,0.2,68.89
2026-11-05,1404,1249,0.95,1251.1,749.92,178.48,358,80.25,2.08,88.43
2026-11-06,1405,1981,4.11,9761.09,6647.67,167.67,487,83.65,0.42,62.55
2026-11-07,1406,1218,3.45,4599.79,2539.42,67.71,166,75.18,0.65,98.35
2026-11-08,1407,1864,0.91,1945.19,1070.89,160.79,186,35.91,1.12,84.83
2026-11-09,1408,1574,4.87,7307.56,3853.3,80.8,379,49.04,3.61,98.59
2026-11-10,1409,1699,3.78,6643.53,3738.74,175.92,440,87.52,0.9,33.97
2026-11-11,1410,1253,2.0,2136.05,1151.6,135.9,330,37.31,4.77,62.61
2026-11-12,1411,1701,2.87,4168.04,1948.3,197.32,280,70.17,3.15,57.56
2026-11-13,1412,1909,2.42,4092.21,1639.93,173.77,79,69.09,2.12,61.68
2026-11-14,1413,816,2.37,1939.86,932.88,104.13,201,33.29,4.4,93.65
2026-11-15,1414,1477,2.25,3055.08,1816.06,87.42,364,37.11,4.0,20.35
2026-11-16,1415,1867,3.53,7561.03,4917.88,127.43,428,41.8,3.3,68.64
2026-11-17,1416,1143,1.06,1251.97,516.07,194.62,191,30.21,1.18,10.77
2026-11-18,1417,1731,2.29,4472.49,1999.25,166.15,487,41.35,1.7,16.33
2026-11-19,1418,1520,3.11,4032.44,1919.63,150.17,132,83.96,3.11,35.55
2026-11-20,1419,1990,4.99,10780.79,4446.15,141.79,129,55.49,0.87,16.03
2026-11-21,1420,1674,3.96,6354.2,3121.42,198.68,438,75.41,4.54,41.05
2026-11-22,1421,1608,2.14,2834.42,1781.24,87.9,163,80.15,3.11,52.37
2026-11-23,1422,1099,3.42,4494.58,3118.49,164.6,166,36.55,3.87,47.08
2026-11-24,1423,1139,3.71,3594.99,1949.79,189.23,52,90.37,0.13,31.16
2026-11-25,1424,1493,4.02,6317.56,2972.55,149.57,271,60.45,1.7,53.19
2026-11-26,1425,1238,2.72,3682.35,2345.0,169.29,80,70.38,3.52,38.59
2026-11-27,1426,1758,3.01,5513.12,3032.61,169.96,355,42.12,1.24,88.06
2026-11-28,1427,1043,4.06,3661.5,1791.19,117.62,151,57.95,4.05,95.51
2026-11-29,1428,1950,4.88,9546.0,4602.43,78.91,223,66.57,4.41,10.55
2026-11-30,1429,1469,3.02,3767.78,2388.0,74.75,309,40.52,3.28,37.2
2026-12-01,1430,932,2.7,2505.84,1222.14,184.92,185,77.93,0.87,45.07
2026-12-02,1431,1744,3.2,4571.52,2920.87,148.28,378,34.06,3.12,19.14
2026-12-03,1432,1527,2.17,3146.73,1271.65,180.7,402,83.57,0.71,22.34
2026-12-04,1433,1889,2.18,4931.36,2518.84,139.58,268,79.84,3.75,31.71
2026-12-05,1434,1894,4.89,7512.83,4791.88,82.8,331,78.95,2.66,85.19
2026-12-06,1435,848,2.29,1800.48,913.42,130.65,456,93.26,4.07,19.49
2026-12-07,1436,1543,0.77,1043.59,659.75,134.99,393,53.61,2.0,79.59
2026-12-08,1437,1052,4.33,5318.62,3520.6,148.88,190,81.49,0.01,45.12
2026-12-09,1438,1054,1.94,2180.58,1036.8,55.06,475,46.81,1.04,97.44
2026-12-10,1439,1690,2.57,4885.36,3276.03,91.84,468,50.97,4.38,96.03
2026-12-11,1440,1216,4.63,4807.41,2670.56,169.7,109,39.26,3.28,68.04
2026-12-12,1441,1040,2.03,2112.66,1209.86,132.16,455,88.33,3.31,21.47
2026-12-13,1442,1030,4.84,4735.67,2782.19,63.83,308,88.03,3.49,87.79
2026-12-14,1443,1583,1.21,2142.73,1323.42,181.55,185,37.92,0.1,88.01
2026-12-15,1444,902,0.85,846.46,540.11,50.13,284,68.46,3.89,59.65
2026-12-16,1445,1538,3.77,5236.62,3162.38,189.71,215,83.66,4.94,73.84
2026-12-17,1446,842,0.95,911.59,366.33,127.94,395,93.11,3.38,40.73
2026-12-18,1447,1515,1.63,2271.26,1281.05,155.24,263,72.32,2.81,19.6
2026-12-19,1448,991,1.72,1525.59,726.82,127.61,261,30.17,2.43,41.07
2026-12-20,1449,1567,2.55,3629.43,2480.34,130.24,390,36.09,5.0,32.84
2026-12-21,1450,1697,2.42,4918.66,2878.27,172.56,361,68.47,4.62,44.06
2026-12-22,1451,1161,3.74,4401.3,2274.19,178.3,209,77.32,2.55,14.43
2026-12-23,1452,1850,1.13,2046.12,1364.24,59.13,62,84.43,0.19,33.66
2026-12-24,1453,1566,4.0,7214.62,4998.36,191.87,321,51.5,1.97,53.27
2026-12-25,1454,1480,2.75,4362.2,1905.57,135.56,377,79.72,0.8,88.58
2026-12-26,1455,1639,2.67,3753.82,1606.45,95.92,357,45.8,1.68,13.67
2026-12-27,1456,1296,1.58,2405.49,1647.46,154.04,304,39.8,4.8,98.21
2026-12-28,1457,1094,3.97,3568.14,2069.0,192.23,369,55.35,1.66,38.22
2026-12-29,1458,1439,0.7,968.83,568.78,155.29,390,91.6,2.0,95.29
2026-12-30,1459,1140,1.2,1629.73,1055.08,59.9,179,86.19,1.19,59.77
2026-12-31,1460,1597,3.62,6138.66,2571.54,135.56,173,68.38,2.58,96.0
2027-01-01,1461,1651,4.66,7278.06,5080.46,88.98,404,35.6,1.64,30.29
2027-01-02,1462,810,4.35,4204.32,1870.48,116.09,212,36.54,3.46,88.84
2027-01-03,1463,1199,1.04,1354.67,588.62,142.81,351,67.87,3.23,64.02
2027-01-04,1464,1369,1.96,2826.69,1827.07,69.21,268,33.88,2.19,94.91
2027-01-05,1465,1423,3.13,4561.04,2852.76,114.29,400,69.58,3.1,77.77
2027-01-06,1466,1175,2.15,2645.55,1268.11,179.12,422,83.92,0.41,21.0
2027-01-07,1467,849,1.34,1007.41,609.65,141.86,129,48.98,1.58,27.4
2027-01-08,1468,1839,2.22,4398.82,2564.92,97.35,75,64.39,4.95,98.7
2027-01-09,1469,1082,0.88,1081.87,567.78,110.32,371,53.54,1.66,19.11
2027-01-10,1470,1892,2.46,4956.58,2392.16,141.39,142,81.23,3.7,72.96
2027-01-11,1471,1494,4.4,6810.78,4614.42,134.58,365,75.19,2.91,20.31
2027-01-12,1472,913,3.19,3331.74,1802.53,116.36,118,41.52,0.82,53.01
2027-01-13,1473,1276,4.17,5365.73,2279.89,103.78,221,36.96,1.97,52.12
2027-01-14,1474,1753,1.4,2169.18,1049.96,54.52,324,84.91,2.19,39.13
2027-01-15,1475,1979,0.56,1011.46,642.05,74.13,288,43.33,2.22,96.89
2027-01-16,1476,1411,4.51,5584.56,3172.78,126.6,335,94.6,3.08,77.71
2027-01-17,1477,1549,3.87,6790.22,3953.0,53.21,303,62.74,1.64,44.49
2027-01-18,1478,1792,2.79,5225.27,3164.71,164.76,419,70.06,4.85,15.56
2027-01-19,1479,1414,3.08,4548.63,1872.13,114.47,194,34.59,0.47,43.5
2027-01-20,1480,1045,0.76,877.24,378.78,138.7,366,71.24,1.89,40.26
2027-01-21,1481,1784,4.74,8831.64,4548.8,94.99,313,76.72,1.24,16.75
2027-01-22,1482,1583,4.23,6555.25,3322.71,156.02,410,43.09,2.15,36.16
2027-01-23,1483,1017,1.03,882.89,445.72,94.31,369,69.98,1.49,90.45
2027-01-24,1484,1189,3.76,5098.77,2252.9,152.04,85,71.38,1.21,85.22
2027-01-25,1485,1280,0.98,1490.01,855.96,146.02,176,90.75,1.9,28.43
2027-01-26,1486,1345,3.4,4588.89,2302.19,144.83,472,59.86,4.32,58.96
2027-01-27,1487,1365,1.39,1934.52,1270.16,173.47,237,41.48,2.12,76.34
2027-01-28,1488,1843,3.51,7444.38,3367.23,179.4,352,61.04,1.73,63.67
2027-01-29,1489,1257,4.01,5974.66,2556.45,68.49,323,89.65,4.66,76.43
2027-01-30,1490,1359,1.52,2160.16,1211.64,81.9,311,43.55,2.57,62.65
2027-01-31,1491,1653,4.62,7218.39,3839.33,78.8,107,71.9,1.87,22.39
2027-02-01,1492,1934,3.14,5805.01,3103.9,84.57,403,50.41,2.99,44.08
2027-02-02,1493,1956,0.82,1773.92,717.98,122.96,74,48.24,4.76,82.84
2027-02-03,1494,1598,3.64,6046.4,3671.65,183.2,313,91.18,1.62,17.89
2027-02-04,1495,1288,2.17,2694.89,1173.76,149.15,278,63.36,2.65,45.41
2027-02-05,1496,1458,1.62,2115.95,883.07,155.78,476,52.21,5.0,19.62
2027-02-06,1497,1265,2.1,2218.58,1224.68,136.98,291,31.88,3.86,77.79
2027-02-07,1498,1824,0.76,1126.39,535.23,166.04,141,30.88,1.25,65.73
2027-02-08,1499,1673,3.61,6505.59,2988.68,122.99,129,76.67,2.18,89.64
2027-02-09,1500,1365,1.16,1789.44,1190.34,155.03,439,34.33,4.65,77.41
2027-02-10,1501,1863,0.71,1370.62,618.38,131.17,204,50.81,3.36,47.6
2027-02-11,1502,1328,2.55,3727.14,2247.02,171.31,330,73.15,4.52,50.0
2027-02-12,1503,1833,2.04,3465.38,1484.53,97.84,248,77.93,3.6,42.6
2027-02-13,1504,1830,4.05,7934.5,5403.52,113.3,488,37.76,4.25,76.8
2027-02-14,1505,1295,1.56,1839.08,986.04,99.32,368,83.7,4.71,25.45
2027-02-15,1506,1288,3.23,3809.01,2517.47,185.55,366,72.08,2.34,31.65
2027-02-16,1507,1700,2.58,3741.55,1957.42,181.94,453,61.6,2.21,80.82
2027-02-17,1508,1370,4.82,6070.3,3445.8,128.49,297,74.6,3.66,89.13
2027-02-18,1509,1710,3.64,5245.58,2529.44,145.49,121,68.37,2.66,24.34
2027-02-19,1510,1608,3.13,5662.33,3711.12,84.21,338,34.23,3.82,57.74
2027-02-20,1511,1761,1.62,2975.08,2013.72,150.14,308,67.91,3.33,21.64
2027-02-21,1512,891,2.86,2971.91,2007.9,89.88,294,93.07,2.52,26.75
2027-02-22,1513,1506,4.92,7959.99,5496.83,154.48,487,69.85,2.85,92.16
2027-02-23,1514,1619,1.78,2568.99,1641.52,78.0,227,52.99,1.25,59.22
2027-02-24,1515,861,3.18,2403.39,1028.0,75.08,262,88.05,0.2,90.0
2027-02-25,1516,1444,0.78,1112.5,588.52,53.38,80,49.59,3.77,69.29
2027-02-26,1517,1643,2.02,3664.43,2199.46,159.55,58,91.47,0.1,52.96
2027-02-27,1518,1328,1.02,1528.02,622.3,111.3,343,69.06,0.75,85.62
2027-02-28,1519,987,1.34,1169.54,636.18,189.48,299,52.68,4.9,96.78
2027-03-01,1520,1318,3.17,4522.49,2242.79,73.75,481,62.35,2.46,35.01
2027-03-02,1521,1640,3.1,4917.59,3187.28,190.05,85,45.8,0.93,48.08
2027-03-03,1522,1659,1.47,1963.97,872.41,175.71,276,88.06,0.55,40.26
2027-03-04,1523,1898,3.69,7759.06,4124.35,127.79,273,53.06,4.16,98.97
2027-03-05,1524,1372,1.1,1237.47,725.43,175.11,449,65.25,1.89,86.48
2027-03-06,1525,1856,1.2,1956.71,848.99,143.96,231,41.68,2.41,15.58
2027-03-07,1526,1296,3.16,4038.02,2448.18,104.22,491,93.3,1.72,40.71
2027-03-08,1527,1571,4.71,7189.9,3437.52,100.19,165,36.01,2.63,48.11
2027-03-09,1528,1735,0.73,1063.32,454.55,133.86,241,91.19,2.22,99.3
2027-03-10,1529,1250,4.22,5238.87,2106.52,140.9,441,83.71,3.75,55.49
2027-03-11,1530,1029,4.41,3811.53,2546.09,136.57,289,85.83,1.36,23.89
2027-03-12,1531,948,3.96,3401.27,1982.41,99.02,321,70.58,4.24,94.08
2027-03-13,1532,1702,2.2,3383.95,1511.88,72.46,235,37.49,1.54,98.0
2027-03-14,1533,1033,3.47,3239.92,2191.41,162.46,387,34.0,1.12,15.33
2027-03-15,1534,1519,1.93,2870.85,1152.18,68.11,471,89.7,0.74,34.9
2027-03-16,1535,1847,4.35,9534.06,4889.61,144.53,292,88.48,1.48,70.26
2027-03-17,1536,1374,0.91,1394.48,585.93,169.62,233,51.85,1.32,65.92
2027-03-18,1537,1597,0.54,859.18,524.13,98.51,496,70.34,4.71,42.11
2027-03-19,1538,1793,1.78,2848.33,1353.9,170.18,304,52.7,0.38,30.35
2027-03-20,1539,1559,3.29,5014.88,2708.39,73.57,82,45.45,3.58,45.36
2027-03-21,1540,1295,0.59,841.89,382.56,114.28,414,60.17,3.69,27.04
2027-03-22,1541,838,4.65,4126.58,2164.41,85.9,57,82.5,1.0,92.75
2027-03-23,1542,1763,2.45,3649.5,2230.46,193.79,347,68.54,2.61,87.01
2027-03-24,1543,1889,1.67,2865.13,1455.47,57.31,114,74.09,1.4,30.02
2027-03-25,1544,1622,4.97,8052.73,4540.69,142.23,244,70.4,2.04,62.29
2027-03-26,1545,1025,2.0,1933.95,1180.31,86.11,239,68.08,1.66,99.36
2027-03-27,1546,1009,0.58,484.5,245.92,57.17,334,81.7,0.84,46.63
2027-03-28,1547,1883,4.68,9009.41,6157.11,87.09,454,78.53,1.66,19.15
2027-03-29,1548,1204,1.86,2123.59,1301.13,157.69,337,32.6,2.93,60.43
2027-03-30,1549,1818,1.45,2434.22,1527.45,168.66,418,82.62,3.63,36.21
2027-03-31,1550,2000,3.31,7037.16,4404.24,157.24,319,49.3,1.1,61.03
2027-04-01,1551,1665,1.35,1980.98,1113.55,120.21,373,91.12,3.11,45.01
2027-04-02,1552,917,1.8,1393.32,731.62,52.68,385,30.72,4.74,83.72
2027-04-03,1553,1089,4.46,4163.2,2367.39,199.88,455,35.77,1.6,62.11
2027-04-04,1554,1008,2.81,2661.2,1748.46,194.96,303,77.33,1.11,26.02
2027-04-05,1555,945,3.04,2716.52,1831.31,190.74,297,87.92,2.92,33.22
2027-04-06,1556,1616,0.62,941.76,609.3,147.02,162,55.74,2.02,84.36
2027-04-07,1557,1789,2.86,5904.24,2924.44,50.78,363,68.18,0.0,35.06
2027-04-08,1558,1428,3.06,3640.72,1841.27,67.97,117,90.46,4.25,13.53
2027-04-09,1559,1542,0.61,1061.27,436.83,131.28,372,38.62,3.7,35.49
2027-04-10,1560,967,3.04,2484.53,1005.66,125.87,424,92.13,1.56,32.14
2027-04-11,1561,961,2.57,2507.95,1608.93,156.25,404,84.01,3.47,60.51
2027-04-12,1562,1666,3.18,4799.43,2741.06,60.92,209,72.68,4.14,18.96
2027-04-13,1563,1163,1.01,1139.17,669.45,178.95,69,49.13,4.78,34.4
2027-04-14,1564,1398,1.3,1745.49,935.02,172.39,318,81.44,1.07,63.0
2027-04-15,1565,1267,1.16,1421.66,611.18,187.12,97,93.43,1.56,84.79
2027-04-16,1566,1256,3.4,3775.38,2348.95,147.83,413,41.82,2.22,15.37
2027-04-17,1567,1400,1.48,1887.31,1083.23,87.85,82,64.68,4.05,76.51
2027-04-18,1568,1594,2.63,4520.57,3130.38,121.6,333,92.35,1.08,98.13
2027-04-19,1569,1486,0.55,738.78,510.87,113.28,430,39.05,2.11,10.44
2027-04-20,1570,870,1.11,839.31,479.85,153.55,279,73.5,2.34,11.23
2027-04-21,1571,1236,2.93,4021.15,2083.77,96.18,57,68.21,4.06,65.64
2027-04-22,1572,1196,3.53,3529.74,1746.16,54.16,291,81.56,1.68,61.43
2027-04-23,1573,937,4.86,5306.23,2738.19,131.33,411,81.37,2.63,35.88
2027-04-24,1574,1565,2.54,4406.25,2135.3,176.03,411,52.0,4.72,96.16
2027-04-25,1575,1341,0.64,705.23,402.36,181.38,107,55.66,1.18,88.17
2027-04-26,1576,1026,2.86,2523.54,1170.55,63.3,379,78.36,0.18,38.31
2027-04-27,1577,1396,2.13,2510.04,1054.0,190.99,197,82.75,0.94,85.34
2027-04-28,1578,1697,0.88,1259.01,716.2,195.35,314,45.13,3.53,58.9
2027-04-29,1579,1293,2.59,2827.87,1450.43,118.95,93,39.62,3.95,49.43
2027-04-30,1580,1140,3.04,3169.94,2098.9,114.16,86,84.62,3.6,32.39
2027-05-01,1581,1864,0.63,1296.71,539.78,92.47,75,53.24,2.75,26.16
2027-05-02,1582,1677,2.98,4182.69,2739.13,71.81,178,70.95,0.92,63.59
2027-05-03,1583,1173,2.06,2694.0,1587.51,165.24,369,81.24,1.49,53.96
2027-05-04,1584,1359,0.52,612.2,366.44,122.26,371,33.01,0.55,55.23
2027-05-05,1585,1275,1.35,1739.54,1107.19,101.05,144,87.81,0.46,11.34
2027-05-06,1586,1216,2.28,2916.38,1578.78,174.91,438,54.48,1.32,78.08
2027-05-07,1587,1572,4.28,6190.45,2584.85,65.38,455,30.54,3.44,31.5
2027-05-08,1588,1094,1.9,2235.61,1215.07,157.91,300,46.35,3.64,34.41
2027-05-09,1589,1345,2.47,3836.41,2455.74,110.08,286,90.75,4.73,23.86
2027-05-10,1590,1399,3.88,5326.72,3248.23,70.71,181,46.52,2.25,43.39
2027-05-11,1591,1491,1.26,1545.12,707.36,191.35,366,72.54,4.91,42.97
2027-05-12,1592,1118,0.76,885.5,478.16,53.83,324,76.9,2.5,84.31
2027-05-13,1593,1322,1.94,2127.05,1363.87,104.14,59,62.06,2.6,59.01
2027-05-14,1594,1278,3.8,4730.23,1943.09,145.63,108,80.96,3.04,48.0
2027-05-15,1595,911,2.57,2383.34,1379.34,149.17,106,44.83,3.14,42.04
2027-05-16,1596,1530,3.58,6350.51,3178.37,86.32,499,57.48,3.58,56.45
2027-05-17,1597,1518,4.6,6684.17,3245.42,91.74,183,70.85,4.4,38.8
2027-05-18,1598,1981,0.63,1301.46,532.33,98.73,484,80.18,2.94,81.2
2027-05-19,1599,1238,4.13,5496.96,2222.85,182.69,294,80.36,3.58,34.59
2027-05-20,1600,1817,1.33,2721.08,1322.07,88.19,450,32.69,2.71,45.03
2027-05-21,1601,1067,4.67,5670.15,3379.6,117.23,280,89.72,2.29,89.39
2027-05-22,1602,1541,4.49,6813.05,4304.62,149.03,180,78.88,0.53,54.2
2027-05-23,1603,1754,1.8,3247.42,1829.06,82.98,52,31.21,4.09,97.12
2027-05-24,1604,1142,3.21,3187.96,1294.19,146.24,119,79.46,0.77,26.01
2027-05-25,1605,1649,1.36,1862.58,1098.81,73.37,357,54.97,1.24,39.52
2027-05-26,1606,1461,3.11,3736.33,2360.38,150.84,225,30.27,3.94,24.58
2027-05-27,1607,1986,1.63,2614.05,1641.11,53.55,74,69.87,3.47,69.36
2027-05-28,1608,1326,3.29,3542.65,2470.37,160.04,326,90.07,4.48,70.16
2027-05-29,1609,1967,3.76,8183.39,5228.12,151.13,335,89.97,0.36,56.77
2027-05-30,1610,1149,1.63,1871.57,1269.57,190.65,115,70.29,3.0,43.85
2027-05-31,1611,1308,3.1,4392.95,2559.11,127.59,243,53.64,2.49,68.82
2027-06-01,1612,1433,2.61,3707.14,2340.05,69.87,159,30.3,2.26,15.7
2027-06-02,1613,1044,3.75,4213.32,1753.91,125.56,169,63.85,2.68,74.71
2027-06-03,1614,1690,3.28,4732.55,2719.4,60.79,115,34.68,4.09,97.32
2027-06-04,1615,1344,1.17,1432.95,629.05,78.52,155,38.78,2.7,70.74
2027-06-05,1616,1853,1.39,2157.08,1081.59,187.42,281,37.08,1.12,96.88
2027-06-06,1617,838,4.92,3324.42,2315.53,114.56,100,83.35,0.21,72.3
2027-06-07,1618,1599,2.06,3514.64,2098.39,148.95,347,85.55,2.74,69.48
2027-06-08,1619,1389,1.41,1909.05,1287.16,55.61,431,45.53,2.42,61.91
2027-06-09,1620,1382,3.88,4696.17,1960.99,142.3,317,32.51,3.82,89.72
2027-06-10,1621,1145,3.93,5310.24,3594.81,167.37,72,49.38,1.61,47.36
2027-06-11,1622,842,1.03,894.21,508.22,123.32,431,42.26,3.46,59.54
2027-06-12,1623,1264,1.42,1500.85,783.09,69.47,305,38.87,2.14,99.52
2027-06-13,1624,1938,0.61,1057.85,590.97,199.58,358,81.34,3.09,84.61
2027-06-14,1625,846,2.4,2142.61,1401.01,183.85,268,52.95,0.66,32.27
2027-06-15,1626,1498,1.93,3410.8,1755.81,101.99,151,50.13,0.17,13.75
2027-06-16,1627,889,3.14,2757.08,1528.91,78.34,228,82.86,2.68,17.31
2027-06-17,1628,1493,3.99,5542.24,2228.34,160.0,119,35.62,4.12,77.52
2027-06-18,1629,1084,2.45,3039.47,1440.67,62.8,237,38.21,0.55,87.26
2027-06-19,1630,1264,2.46,3351.81,1714.63,136.62,444,51.53,4.37,88.52
2027-06-20,1631,1852,4.35,8484.93,3635.87,163.03,188,67.57,4.02,83.88
2027-06-21,1632,1658,1.42,2266.67,1027.97,110.9,452,67.7,4.49,28.27
2027-06-22,1633,1886,1.22,2541.58,1077.16,196.29,186,59.86,2.94,85.21
2027-06-23,1634,1941,3.35,7311.19,3110.61,128.62,108,87.43,3.91,40.12
2027-06-24,1635,1874,2.97,5850.55,3412.87,162.84,405,37.81,0.35,30.01
2027-06-25,1636,928,3.98,3158.25,1971.16,108.87,278,71.74,3.78,16.62
2027-06-26,1637,1403,2.11,2961.35,1590.67,68.38,446,93.08,2.5,87.43
2027-06-27,1638,1703,2.57,4335.8,1996.52,189.14,384,36.98,4.55,11.23
2027-06-28,1639,876,2.74,2157.7,1359.79,169.04,98,30.98,2.57,72.56
2027-06-29,1640,1068,4.73,5973.7,3426.55,178.66,381,41.92,0.26,81.42
2027-06-30,1641,920,4.55,3396.21,1555.79,176.07,213,33.27,1.42,19.2
2027-07-01,1642,1411,1.56,2161.95,956.42,83.86,423,71.57,0.95,31.19
2027-07-02,1643,1274,1.52,1567.31,980.98,125.2,145,44.49,2.87,14.15
2027-07-03,1644,1440,3.05,3514.03,2136.76,51.88,233,42.79,2.2,36.07
2027-07-04,1645,1402,4.37,6466.0,2848.29,155.79,50,88.95,4.62,34.58
2027-07-05,1646,1265,4.77,6048.68,4003.86,197.07,242,34.11,3.74,26.52
2027-07-06,1647,1619,1.01,1939.08,811.05,157.89,167,46.92,2.87,90.56
2027-07-07,1648,913,2.26,1851.95,975.51,68.19,369,72.65,4.8,65.5
2027-07-08,1649,1570,4.44,7099.14,2968.03,71.54,323,59.78,0.8,57.36
2027-07-09,1650,1278,4.56,5029.89,2329.0,185.65,70,73.55,1.52,84.5
2027-07-10,1651,1077,4.49,5446.96,2520.81,172.17,378,82.17,2.02,46.22
2027-07-11,1652,1187,3.21,4284.25,2783.82,141.35,313,31.32,4.13,82.9
2027-07-12,1653,1240,3.66,4122.32,1968.94,99.5,64,64.98,0.39,16.52
2027-07-13,1654,876,1.71,1460.58,935.73,140.99,336,92.02,4.66,51.01
2027-07-14,1655,1847,1.63,3573.2,1468.72,114.66,346,45.29,1.99,27.7
2027-07-15,1656,1697,2.95,4955.43,2000.98,95.33,284,85.25,3.88,41.09
2027-07-16,1657,801,4.75,4156.76,2601.4,130.23,109,68.66,2.8,10.15
2027-07-17,1658,874,0.75,699.84,375.32,140.3,499,54.26,3.41,51.97
2027-07-18,1659,1914,2.42,4491.91,2130.85,106.0,376,94.01,2.15,92.82
2027-07-19,1660,966,4.99,3859.81,2492.95,122.16,421,62.77,3.15,62.07
2027-07-20,1661,1106,3.39,3067.69,1321.6,87.2,397,76.77,3.87,57.67
2027-07-21,1662,1182,1.04,1002.62,532.63,67.5,188,57.99,1.4,71.74
2027-07-22,1663,1096,4.86,5133.83,3477.3,125.18,375,71.65,3.78,99.76
2027-07-23,1664,1295,3.16,4592.74,2491.91,125.58,368,78.14,0.21,62.46
2027-07-24,1665,1428,1.49,2450.03,1306.76,121.4,326,61.15,2.27,12.6
2027-07-25,1666,1687,4.07,7816.36,3670.26,106.29,369,41.69,1.17,45.66
2027-07-26,1667,1299,0.6,896.12,480.32,169.0,161,47.39,1.41,41.49
2027-07-27,1668,1484,0.62,877.05,484.09,76.13,270,37.63,1.54,13.44
2027-07-28,1669,1508,2.83,3779.95,2392.01,82.36,471,79.2,0.74,58.48
2027-07-29,1670,1545,4.47,5544.95,3517.96,160.6,174,94.79,1.96,53.59
2027-07-30,1671,1507,1.77,2217.56,1361.03,62.2,309,76.21,1.41,15.93
2027-07-31,1672,1485,4.33,5169.47,2281.11,118.33,253,50.55,0.66,25.95
2027-08-01,1673,1936,4.51,8686.39,3479.87,79.74,457,49.08,4.04,12.36
2027-08-02,1674,1481,2.4,4153.35,1666.13,179.35,485,94.09,3.12,10.87
2027-08-03,1675,1678,1.07,1717.07,714.46,198.74,151,44.37,0.67,60.07
2027-08-04,1676,1424,0.69,1014.39,632.74,129.25,97,69.38,0.02,23.45
2027-08-05,1677,1155,4.68,5643.91,2698.0,184.39,500,46.1,2.81,97.62
2027-08-06,1678,1306,3.77,4967.18,2013.46,58.82,339,73.53,4.07,49.65
2027-08-07,1679,1819,2.65,5573.08,2955.08,121.28,473,74.95,4.18,46.37
2027-08-08,1680,1876,1.73,3086.01,1308.12,166.38,92,57.82,0.17,68.07
2027-08-09,1681,1053,1.43,1624.64,1110.86,175.35,105,75.97,0.99,80.58
2027-08-10,1682,900,4.47,3886.62,1835.34,91.51,228,71.78,1.41,51.76
2027-08-11,1683,944,3.52,2704.74,1300.51,194.57,214,38.3,3.5,77.68
2027-08-12,1684,992,2.48,2058.85,1016.2,56.41,211,45.96,0.78,12.49
2027-08-13,1685,1136,4.37,5554.5,3671.78,63.6,184,42.8,2.95,16.19
2027-08-14,1686,1687,1.31,2617.05,1235.54,171.22,496,44.08,2.65,13.57
2027-08-15,1687,865,2.49,2064.1,956.55,152.19,291,64.09,4.36,43.54
2027-08-16,1688,1255,2.36,2511.94,1587.42,148.32,409,37.97,4.76,10.85
2027-08-17,1689,840,0.6,495.09,320.32,164.04,311,46.79,2.21,93.71
2027-08-18,1690,1613,4.26,6883.79,3214.75,112.81,177,77.34,4.0,25.32
2027-08-19,1691,936,1.02,824.87,359.48,51.14,450,72.93,2.57,14.6
2027-08-20,1692,1841,2.99,4954.13,3445.44,110.01,93,48.66,4.69,37.21
2027-08-21,1693,983,1.8,1778.32,1031.54,196.59,495,87.1,4.04,56.3
2027-08-22,1694,980,2.34,2431.38,1388.93,75.54,177,31.87,0.34,16.31
2027-08-23,1695,1195,4.3,6051.76,4230.19,174.42,333,36.56,2.59,36.72
2027-08-24,1696,1985,2.55,5265.56,3606.5,137.77,485,85.41,0.96,93.31
2027-08-25,1697,911,0.56,451.43,210.01,151.9,421,47.98,1.28,42.48
2027-08-26,1698,1299,1.3,1684.3,992.24,157.37,479,74.94,4.11,22.06
2027-08-27,1699,1686,3.26,5007.99,2874.02,102.49,80,67.72,2.32,25.89
2027-08-28,1700,1397,2.24,2548.35,1187.96,95.12,403,81.85,0.94,66.38
2027-08-29,1701,1687,0.82,1354.78,569.24,64.44,135,76.37,3.37,29.08
2027-08-30,1702,1116,4.32,4868.18,2126.3,192.44,60,36.3,0.85,94.36
2027-08-31,1703,957,1.03,1061.83,555.62,175.01,174,68.09,2.75,95.5
2027-09-01,1704,1431,2.68,3440.58,1951.12,148.31,185,77.6,3.31,67.26
2027-09-02,1705,1168,0.77,1066.15,644.3,155.62,266,34.05,3.3,36.24
2027-09-03,1706,1239,0.83,837.47,536.97,195.71,351,63.65,3.09,85.94
2027-09-04,1707,1470,4.08,5923.91,3429.78,166.61,79,45.05,3.71,14.89
2027-09-05,1708,1162,3.04,3698.53,1503.78,145.19,483,68.33,4.74,54.35
2027-09-06,1709,1149,2.43,3337.55,1734.53,117.36,495,89.94,4.9,84.0
2027-09-07,1710,993,0.86,931.77,612.7,199.01,209,54.28,3.53,33.93
2027-09-08,1711,1531,4.77,7695.35,4428.14,70.89,440,81.53,1.9,76.3
2027-09-09,1712,1615,1.0,1621.98,695.5,110.83,159,91.2,2.35,65.44
2027-09-10,1713,1577,1.79,2505.68,1006.11,119.28,484,73.4,2.28,39.36
2027-09-11,1714,1486,2.36,2833.6,1403.29,194.31,321,33.52,3.52,24.93
2027-09-12,1715,1505,1.04,1758.9,860.37,199.99,229,54.45,0.15,61.23
2027-09-13,1716,1043,4.1,3832.42,2163.36,134.65,435,31.04,3.6,83.16
2027-09-14,1717,1909,4.71,10584.6,6443.64,150.91,279,64.63,4.56,88.54
2027-09-15,1718,1996,3.79,7174.27,3636.23,87.16,486,80.01,4.94,71.81
2027-09-16,1719,1852,3.05,4806.89,2315.2,177.42,486,85.32,0.19,90.27
2027-09-17,1720,1791,1.06,1867.81,883.48,92.24,182,91.9,4.59,90.05
2027-09-18,1721,1792,4.75,9627.56,6566.39,70.91,128,53.95,1.92,46.14
2027-09-19,1722,1216,2.42,3190.79,1792.84,131.36,358,80.83,4.11,49.24
2027-09-20,1723,1783,0.67,1352.43,647.82,87.62,225,47.89,0.49,65.74
2027-09-21,1724,1174,0.61,715.43,384.09,76.53,175,38.14,4.99,95.57
2027-09-22,1725,1049,4.31,5010.56,2797.58,135.4,55,71.99,2.7,87.93
2027-09-23,1726,861,2.19,2171.91,1223.33,173.49,212,49.82,3.21,22.86
2027-09-24,1727,959,3.59,3225.11,2025.31,114.85,247,91.55,1.84,43.87
2027-09-25,1728,1049,2.67,3151.78,1570.86,79.81,309,47.47,3.68,82.76
2027-09-26,1729,1123,1.64,2193.56,1234.62,166.6,334,45.37,2.83,69.84
2027-09-27,1730,1965,4.2,8798.1,3696.04,151.94,466,47.23,5.0,82.12
2027-09-28,1731,1670,2.57,4826.25,2144.64,175.19,177,32.59,2.24,28.94
2027-09-29,1732,1590,4.62,8049.07,4340.33,163.15,264,66.66,2.95,90.61
2027-09-30,1733,1230,1.45,1526.66,1066.72,66.49,298,71.42,0.46,39.31
2027-10-01,1734,1369,1.21,1761.22,705.79,111.44,376,47.01,2.87,19.1
2027-10-02,1735,1240,2.6,3624.13,2192.98,120.87,99,40.5,0.28,89.79
2027-10-03,1736,1552,2.23,2999.46,2091.6,89.32,163,58.21,0.3,41.24
2027-10-04,1737,1048,3.78,3321.01,1956.61,163.74,392,48.15,1.85,78.08
2027-10-05,1738,1369,3.38,4332.7,2681.65,136.18,87,42.67,2.68,44.53
2027-10-06,1739,1263,3.78,4920.57,1982.98,129.44,299,82.25,0.6,63.09
2027-10-07,1740,1911,4.5,6979.05,2939.51,99.72,436,86.77,2.37,53.28
2027-10-08,1741,1247,3.36,4341.97,1772.26,68.58,200,65.58,2.56,19.35
2027-10-09,1742,1977,4.99,8932.95,5089.04,182.93,447,90.0,0.25,65.82
2027-10-10,1743,1053,3.23,3115.17,1911.57,133.5,381,85.18,4.78,70.08
2027-10-11,1744,1781,1.31,2268.03,1141.38,149.32,261,79.67,2.18,18.5
2027-10-12,1745,1413,1.43,1869.24,830.81,126.63,219,92.81,0.66,26.2
2027-10-13,1746,1439,0.62,754.29,441.51,148.22,96,78.69,1.77,54.42
2027-10-14,1747,1934,0.72,1229.85,828.72,122.17,227,75.76,2.32,59.11
2027-10-15,1748,1894,1.6,2478.1,1055.99,70.74,175,33.12,2.51,54.94
2027-10-16,1749,1658,1.65,3056.17,1777.37,135.05,285,91.09,4.43,94.87
2027-10-17,1750,1551,2.39,4051.32,1646.44,153.77,91,45.25,3.3,58.14
2027-10-18,1751,806,2.98,2336.08,1055.21,137.62,405,74.65,3.07,27.84
2027-10-19,1752,1623,2.23,3047.68,1287.16,144.4,229,87.92,3.75,17.93
2027-10-20,1753,823,2.13,2007.55,1149.25,154.07,489,34.84,0.48,62.43
2027-10-21,1754,1422,2.31,2631.68,1638.7,137.68,468,53.2,3.99,86.73
2027-10-22,1755,1823,4.9,9222.5,6271.05,64.31,98,45.58,1.63,93.81
2027-10-23,1756,1054,0.97,1161.12,640.26,143.5,370,71.96,4.93,84.6
2027-10-24,1757,1166,1.19,1168.41,646.83,199.75,171,52.25,2.68,30.94
2027-10-25,1758,893,3.54,2716.88,1595.64,135.92,99,93.99,4.12,13.66
2027-10-26,1759,1036,2.48,2281.61,1085.02,163.88,209,33.99,1.32,17.27
2027-10-27,1760,1398,3.18,3831.92,1619.19,119.16,421,46.44,1.45,44.18
2027-10-28,1761,1938,2.6,4669.23,2209.93,146.22,325,57.36,3.62,78.02
2027-10-29,1762,822,1.6,1225.63,800.08,110.84,125,82.08,2.8,73.62
2027-10-30,1763,1085,2.08,2241.13,1409.63,55.14,310,94.74,4.25,64.34
2027-10-31,1764,1731,2.86,5652.42,3794.71,140.06,414,85.67,4.22,49.82
2027-11-01,1765,1578,3.26,4888.28,2260.72,150.38,331,73.96,3.08,38.74
2027-11-02,1766,1005,3.1,2762.12,1442.73,188.64,135,94.27,4.39,70.06
2027-11-03,1767,867,2.24,1982.5,1189.23,163.28,255,35.32,0.36,65.04
2027-11-04,1768,1646,4.11,6777.5,2977.7,72.35,283,86.75,0.74,80.5
2027-11-05,1769,1590,3.23,5496.74,2844.22,138.25,367,39.42,1.02,29.88
2027-11-06,1770,1529,4.41,6891.85,3134.4,146.42,92,92.34,3.91,47.83
2027-11-07,1771,1029,3.14,3461.97,1462.46,81.28,424,54.34,1.13,14.83
2027-11-08,1772,1910,3.0,4826.16,3176.17,193.45,51,60.79,1.01,82.73
2027-11-09,1773,1924,4.97,7829.21,3354.25,111.68,315,40.36,4.66,61.17
2027-11-10,1774,1143,2.58,3305.31,1943.93,151.39,322,90.52,2.64,88.52
2027-11-11,1775,1586,3.33,5387.12,2686.31,162.07,121,89.89,0.85,84.38
2027-11-12,1776,1749,1.46,2341.34,1155.67,51.71,246,37.92,0.89,87.0
2027-11-13,1777,1064,1.4,1271.16,799.34,144.57,67,84.4,3.18,99.6
2027-11-14,1778,1749,0.9,1467.67,623.19,162.94,276,89.11,4.89,51.33
2027-11-15,1779,971,2.96,2497.36,1172.16,82.14,135,43.41,1.63,95.73
2027-11-16,1780,1702,0.72,1381.82,886.73,116.32,126,70.06,4.55,12.16
2027-11-17,1781,955,1.82,1749.05,1186.26,154.29,70,41.25,1.68,80.3
2027-11-18,1782,1530,2.08,3043.9,1254.64,130.35,307,34.58,2.13,19.91
2027-11-19,1783,819,2.31,1843.43,938.05,92.03,211,74.45,3.86,29.11
2027-11-20,1784,1666,1.89,3533.89,2342.75,125.05,207,68.24,2.23,83.02
2027-11-21,1785,1935,2.55,4992.53,3400.57,150.73,428,50.16,1.58,47.22
2027-11-22,1786,1653,2.15,2935.66,1349.49,140.59,78,81.73,2.73,57.96
2027-11-23,1787,1390,3.27,5060.52,2353.91,93.3,334,48.56,1.71,32.29
2027-11-24,1788,1138,4.35,4859.08,2042.13,105.52,138,36.65,4.48,41.15
2027-11-25,1789,1944,1.58,2537.28,1120.05,171.11,300,69.4,2.39,35.27
2027-11-26,1790,1864,2.05,3135.0,1745.38,131.61,481,52.89,1.26,29.94
2027-11-27,1791,1302,4.98,5625.86,2541.94,73.24,312,63.96,2.28,10.09
2027-11-28,1792,1466,0.68,1045.85,437.72,115.46,311,51.66,1.02,25.53
2027-11-29,1793,1841,0.79,1281.21,776.35,125.67,136,92.92,2.8,14.29
2027-11-30,1794,812,0.78,713.02,341.58,112.54,330,90.12,2.7,47.77
2027-12-01,1795,1631,1.35,2013.24,879.05,192.47,344,32.67,1.51,29.35
2027-12-02,1796,1142,1.74,2012.34,929.43,173.81,311,61.76,0.83,70.84
2027-12-03,1797,1117,1.56,1524.63,897.7,125.03,234,87.33,4.78,55.27
2027-12-04,1798,926,2.61,2146.48,1308.52,100.16,289,61.39,2.85,85.67
2027-12-05,1799,980,1.21,1017.74,485.82,102.58,222,85.93,2.85,13.77
2027-12-06,1800,1726,0.95,1568.39,901.19,184.22,414,30.46,3.78,64.72
2027-12-07,1801,1470,2.41,2934.48,1521.52,153.75,309,36.6,4.64,39.28
2027-12-08,1802,896,3.43,2499.88,1256.7,96.52,440,85.75,3.95,42.8
2027-12-09,1803,1157,3.3,3655.62,1603.13,73.26,208,84.16,4.54,71.41
2027-12-10,1804,827,3.2,2692.63,1867.75,136.67,85,56.22,2.13,38.19
2027-12-11,1805,1442,2.41,3994.78,2136.62,162.58,275,38.17,1.99,30.28
2027-12-12,1806,1999,0.92,1994.68,1172.56,74.83,352,59.86,2.08,45.41
2027-12-13,1807,1097,3.41,3926.49,2641.47,172.73,113,47.68,2.05,82.66
2027-12-14,1808,1726,2.27,4559.57,2085.06,185.95,360,59.11,1.25,40.82
2027-12-15,1809,864,2.32,1767.78,798.57,101.56,337,94.33,4.3,51.42
2027-12-16,1810,1215,4.14,5106.86,3162.48,80.93,97,56.71,2.68,34.86
2027-12-17,1811,971,4.06,3165.75,2134.18,144.03,468,55.35,2.46,62.96
2027-12-18,1812,1484,2.65,3619.07,2058.86,58.44,128,84.81,3.85,86.51
2027-12-19,1813,1735,4.44,6973.3,4565.63,190.41,343,94.43,2.93,98.27
2027-12-20,1814,1221,1.28,1843.65,1217.53,77.35,287,60.9,2.8,50.35
2027-12-21,1815,823,2.21,1574.13,973.1,181.89,333,59.32,3.52,12.4
2027-12-22,1816,935,3.52,3180.78,1565.66,125.71,206,94.84,4.45,34.16
2027-12-23,1817,1654,3.15,6088.74,3242.42,189.68,58,36.29,3.13,36.61
2027-12-24,1818,1678,2.01,2863.26,1310.66,75.2,296,63.69,0.68,95.9
2027-12-25,1819,1121,4.84,6481.42,3248.87,149.61,90,55.41,3.87,74.94
2027-12-26,1820,1528,2.38,3390.86,1803.34,118.64,422,34.93,3.06,18.51
2027-12-27,1821,1574,3.7,5512.71,2998.74,79.23,103,46.42,4.79,17.47
2027-12-28,1822,1020,1.91,2297.31,1485.77,186.85,370,34.79,0.71,85.26
2027-12-29,1823,1123,2.87,3778.46,2339.24,50.46,349,65.09,1.63,13.47
2027-12-30,1824,1806,1.14,1879.27,1240.63,103.86,70,77.49,3.88,14.29
2027-12-31,1825,1358,4.74,6351.8,4223.2,191.28,310,66.69,1.58,52.72
2028-01-01,1826,1495,0.53,694.09,332.73,119.99,313,84.95,4.11,36.52
2028-01-02,1827,1990,2.57,4484.88,2144.74,185.03,482,35.41,4.18,83.06
2028-01-03,1828,1700,3.5,5591.33,3103.46,175.7,111,48.82,3.11,10.33
2028-01-04,1829,1245,1.98,2251.7,1133.37,71.03,199,85.41,3.19,25.89
2028-01-05,1830,1865,3.94,7550.98,3765.28,167.2,246,68.66,2.34,52.37
2028-01-06,1831,1170,3.33,4585.45,2151.38,186.82,126,42.55,2.54,80.75
2028-01-07,1832,1578,0.78,1468.76,751.24,167.22,451,81.29,1.0,76.41
2028-01-08,1833,1869,3.73,6729.7,2897.77,82.35,239,31.56,0.86,18.03
2028-01-09,1834,1738,4.69,7256.89,4324.15,99.61,178,81.74,0.47,12.87
2028-01-10,1835,1371,0.52,791.5,373.27,187.31,413,80.51,4.15,53.07
2028-01-11,1836,1693,2.62,3607.78,1904.92,90.95,306,72.1,3.6,14.26
2028-01-12,1837,1118,1.38,1573.32,660.14,81.31,401,48.73,4.64,69.0
2028-01-13,1838,1390,2.48,4135.0,1665.76,80.93,401,31.85,2.19,58.56
2028-01-14,1839,1714,2.5,3989.95,2107.15,70.99,162,89.28,2.39,20.47
2028-01-15,1840,1852,2.9,6075.71,2768.78,63.82,294,43.09,4.0,20.48
2028-01-16,1841,1222,3.19,4488.22,2179.12,134.97,446,45.41,3.58,64.95
2028-01-17,1842,1558,0.56,978.17,654.2,184.6,103,42.85,1.22,93.79
2028-01-18,1843,1412,2.86,3955.78,2367.04,127.28,288,52.64,1.05,59.99
2028-01-19,1844,1584,2.23,3228.45,1805.77,158.69,451,45.18,0.6,36.98
2028-01-20,1845,1046,0.67,817.84,404.23,167.6,335,37.4,3.88,86.02
2028-01-21,1846,1736,1.04,1786.52,1022.21,139.03,479,45.81,0.39,43.39
2028-01-22,1847,910,3.36,2459.47,1125.29,66.2,269,55.16,1.72,43.84
2028-01-23,1848,1432,4.25,5264.35,2286.52,194.56,158,44.32,1.08,49.46
2028-01-24,1849,1870,4.25,9470.94,5599.34,150.39,274,75.42,0.71,47.25
2028-01-25,1850,1943,3.22,5905.09,3739.15,86.3,253,48.74,1.76,67.25
2028-01-26,1851,1102,4.66,4307.95,2037.2,159.26,431,48.96,0.05,92.84
2028-01-27,1852,1680,4.23,7205.22,4798.72,81.74,150,54.63,3.01,21.45
2028-01-28,1853,1017,1.96,2351.39,1451.5,74.23,78,32.67,4.05,90.16
2028-01-29,1854,1324,4.29,6574.9,2721.44,117.15,296,42.96,1.49,53.81
2028-01-30,1855,1984,2.71,5502.33,2272.81,166.31,295,79.91,3.29,27.98
2028-01-31,1856,1395,3.42,4163.51,2784.39,102.27,431,65.3,1.85,41.4
2028-02-01,1857,1436,3.24,4193.9,2902.29,88.62,377,79.75,4.71,56.23
2028-02-02,1858,1057,4.42,4620.71,3216.92,129.47,153,59.22,1.78,69.27
2028-02-03,1859,1138,2.01,2089.75,1388.84,91.25,144,54.5,2.64,89.1
2028-02-04,1860,863,1.87,1753.99,823.59,103.65,165,82.33,0.02,26.17
2028-02-05,1861,1931,1.26,2486.19,1408.46,191.34,333,89.78,3.75,13.73
2028-02-06,1862,1242,3.82,4376.75,1929.82,53.05,99,55.71,4.95,92.72
2028-02-07,1863,1811,2.72,3967.0,2447.81,90.84,377,31.46,0.35,39.07
2028-02-08,1864,804,1.0,835.52,472.32,77.67,245,75.33,4.84,56.81
2028-02-09,1865,1541,2.38,2958.63,1787.16,179.13,179,91.1,4.43,99.97
2028-02-10,1866,1471,4.91,7562.05,3660.07,93.89,303,67.95,3.26,33.67
2028-02-11,1867,1918,2.02,4493.78,1884.5,188.88,466,74.71,4.48,75.12
2028-02-12,1868,1120,3.55,4113.52,2814.58,195.75,319,60.24,4.32,60.22
2028-02-13,1869,1041,1.39,1274.93,555.17,153.46,216,84.05,4.13,49.32
2028-02-14,1870,1113,0.64,756.17,375.03,111.17,57,92.2,0.62,50.95
2028-02-15,1871,1374,1.89,2578.06,1564.44,151.1,485,38.03,4.69,70.22
2028-02-16,1872,1255,1.33,1481.58,681.25,77.79,93,44.0,1.01,75.59
2028-02-17,1873,1462,1.67,2230.19,1450.37,173.41,459,83.07,3.58,78.86
2028-02-18,1874,891,4.28,3240.08,2099.99,61.79,286,75.28,1.07,55.94
2028-02-19,1875,1449,4.79,7936.06,4737.46,64.57,289,86.52,1.34,42.51
2028-02-20,1876,1384,3.86,4487.02,2632.76,111.68,368,62.17,1.34,27.97
2028-02-21,1877,1873,2.6,4707.0,2727.86,192.39,165,32.16,1.61,18.68
2028-02-22,1878,1622,1.75,2662.1,1827.93,132.53,237,67.39,2.83,94.13
2028-02-23,1879,1042,2.55,2963.23,1329.13,139.7,275,65.18,1.19,12.58
2028-02-24,1880,1135,1.34,1296.94,660.73,100.69,487,49.04,0.69,79.53
2028-02-25,1881,1060,3.93,3358.73,1778.83,70.75,390,54.98,4.11,31.77
2028-02-26,1882,1915,4.26,9249.15,3773.56,141.42,322,68.69,0.84,64.75
2028-02-27,1883,921,2.8,2947.94,1801.5,187.22,69,80.02,2.72,14.53
2028-02-28,1884,1866,2.37,4629.69,2556.41,90.11,417,85.68,4.03,41.93
2028-02-29,1885,1123,1.1,1482.02,939.6,177.9,356,83.15,3.03,79.57
2028-03-01,1886,1453,0.87,1120.07,583.52,174.21,128,41.15,0.51,50.22
2028-03-02,1887,1610,4.26,7145.79,3578.05,128.35,252,67.58,1.08,21.34
2028-03-03,1888,1677,2.69,4262.0,2717.49,164.17,415,67.12,3.09,29.33
2028-03-04,1889,964,1.91,1493.5,726.98,64.79,311,56.39,0.36,54.97
2028-03-05,1890,1166,2.54,3271.97,1821.21,89.79,320,31.45,3.38,71.49
2028-03-06,1891,1833,3.99,7635.63,3929.32,155.32,259,88.66,2.66,23.74
2028-03-07,1892,991,2.95,2642.06,1835.73,71.41,171,47.14,2.47,99.22
2028-03-08,1893,1394,2.7,3231.44,1936.65,167.63,167,43.8,4.14,81.44
2028-03-09,1894,1945,1.01,2235.97,1232.7,130.61,303,51.32,1.53,94.9
2028-03-10,1895,1669,1.82,3181.47,1304.61,75.51,348,50.82,0.44,65.04
2028-03-11,1896,1733,2.91,4114.25,2653.8,127.79,57,76.27,0.3,78.89
2028-03-12,1897,857,4.9,4695.09,2732.11,91.44,368,75.01,3.97,13.71
2028-03-13,1898,1478,1.44,2427.64,1113.89,161.18,186,86.73,2.6,77.0
2028-03-14,1899,1520,4.74,7708.34,3532.71,96.35,317,90.08,4.5,57.39
2028-03-15,1900,1415,2.93,4264.71,2713.4,55.91,426,86.32,4.76,56.82
2028-03-16,1901,1485,2.93,4506.28,3078.66,105.84,462,86.47,4.51,64.42
2028-03-17,1902,1493,4.29,7018.81,3151.88,168.84,338,40.15,1.98,21.33
2028-03-18,1903,1083,3.23,2990.54,1848.17,90.4,123,87.91,2.66,65.36
2028-03-19,1904,1420,0.95,1301.9,628.52,52.67,183,75.0,3.72,69.42
2028-03-20,1905,1953,3.76,5963.4,3260.29,148.13,106,80.47,3.97,49.1
2028-03-21,1906,1359,3.86,4293.15,2363.0,110.77,399,58.61,1.65,88.47
2028-03-22,1907,1189,4.74,5140.48,2727.72,125.52,253,81.9,3.91,53.2
2028-03-23,1908,836,2.04,1827.56,845.54,162.61,72,92.08,3.48,83.33
2028-03-24,1909,1737,0.88,1647.12,1002.13,115.23,125,70.3,2.38,89.04
2028-03-25,1910,1358,4.98,6410.33,3056.09,121.98,419,67.32,0.7,42.93
2028-03-26,1911,1221,1.29,1446.16,609.66,68.03,323,40.01,1.02,23.25
2028-03-27,1912,1691,1.68,2545.29,1199.92,92.71,132,30.65,3.55,44.17
2028-03-28,1913,1083,4.54,5435.15,3417.57,146.16,143,85.05,2.35,35.89
2028-03-29,1914,1326,1.69,2479.4,1416.51,97.83,420,38.05,0.72,72.95
2028-03-30,1915,896,2.74,2058.27,1219.81,56.21,218,32.5,1.63,41.5
2028-03-31,1916,868,3.46,2755.21,1852.93,92.13,126,69.73,1.57,83.73
2028-04-01,1917,886,2.34,1879.11,835.3,102.34,198,33.52,3.23,44.68
2028-04-02,1918,1564,2.56,4117.6,1939.2,136.86,195,53.16,4.03,75.2
2028-04-03,1919,1342,4.63,5031.35,3383.14,105.39,148,55.18,1.07,61.16
2028-04-04,1920,1258,4.47,5067.05,3034.83,130.08,77,40.34,2.31,96.6
2028-04-05,1921,1057,1.72,2063.94,1422.82,116.7,127,30.3,1.52,93.17
2028-04-06,1922,1022,3.88,3851.1,2437.88,106.76,314,39.64,1.04,26.01
2028-04-07,1923,1914,1.53,3103.55,1711.29,198.67,119,35.52,0.38,55.74
2028-04-08,1924,1660,4.29,6744.31,4245.55,122.92,219,77.62,1.21,56.77
2028-04-09,1925,1985,2.21,4161.28,1951.59,79.27,399,43.9,2.44,59.15
2028-04-10,1926,941,2.8,2622.09,1749.41,163.13,394,85.15,0.23,68.0
2028-04-11,1927,1733,4.87,7719.68,4040.87,129.91,397,45.64,3.65,58.87
2028-04-12,1928,1104,4.97,4394.21,1905.36,100.5,119,78.53,3.38,81.53
2028-04-13,1929,1974,1.87,3821.08,2049.46,113.95,497,94.33,2.77,61.93
2028-04-14,1930,1249,1.31,1927.32,1298.65,144.42,143,45.72,3.24,43.39
2028-04-15,1931,1411,1.93,2190.04,944.63,130.92,343,92.26,4.12,32.69
2028-04-16,1932,1541,4.3,6694.25,2756.67,172.82,247,32.6,2.05,14.68
2028-04-17,1933,1815,3.62,7193.65,3103.96,135.41,98,53.82,2.68,21.58
2028-04-18,1934,1037,1.41,1519.0,648.12,67.77,125,44.94,1.7,90.05
2028-04-19,1935,1193,1.62,2095.13,866.67,186.45,345,89.95,4.28,98.82
2028-04-20,1936,1452,1.58,2715.39,1583.93,195.65,140,92.3,0.61,38.54
2028-04-21,1937,1264,1.54,1572.92,1098.81,172.69,150,50.58,2.83,84.95
2028-04-22,1938,926,4.65,4624.89,3230.71,100.37,275,77.56,4.1,32.15
2028-04-23,1939,1536,0.93,1609.0,650.11,104.52,155,54.13,0.12,45.34
2028-04-24,1940,942,2.67,2999.5,1721.15,84.88,78,40.71,0.92,74.39
2028-04-25,1941,1262,1.9,2583.7,1411.35,188.35,361,73.61,3.57,78.88
2028-04-26,1942,962,2.84,2642.24,1468.54,123.15,113,94.07,0.18,25.35
2028-04-27,1943,1141,4.01,5037.26,2299.74,150.94,149,72.54,1.89,53.83
2028-04-28,1944,1920,4.06,8477.64,3448.49,142.79,299,43.7,0.09,78.86
2028-04-29,1945,947,4.87,4452.31,2821.85,57.89,170,85.1,1.54,45.55
2028-04-30,1946,1502,4.19,7364.79,4400.49,136.38,89,75.27,3.65,32.36
2028-05-01,1947,1578,4.53,7343.6,4762.91,82.18,95,41.99,2.98,96.48
2028-05-02,1948,869,1.14,945.18,387.6,194.61,257,72.77,4.46,66.6
2028-05-03,1949,1905,4.46,7544.92,5115.81,77.68,228,57.98,2.13,16.08
2028-05-04,1950,1250,3.48,3684.75,1721.73,187.5,415,56.3,1.31,38.53
2028-05-05,1951,1820,0.96,1565.6,647.6,168.22,439,49.89,3.29,71.14
2028-05-06,1952,810,0.64,515.66,258.41,92.97,235,73.3,2.83,11.52
2028-05-07,1953,1490,4.8,8129.93,3409.71,151.99,312,65.96,4.01,68.78
2028-05-08,1954,1849,2.89,5283.11,2369.4,117.38,209,93.37,3.0,28.71
2028-05-09,1955,1628,0.57,866.91,395.66,80.23,500,94.75,4.77,63.34
2028-05-10,1956,856,3.7,2952.11,1988.47,181.39,429,79.98,3.11,31.86
2028-05-11,1957,1809,0.7,1436.01,966.44,92.02,238,36.56,0.16,70.06
2028-05-12,1958,1681,2.65,5106.59,2050.6,158.62,211,91.46,3.6,11.43
2028-05-13,1959,1955,3.79,8003.48,3484.7,71.36,258,32.03,3.39,22.1
2028-05-14,1960,1276,0.81,944.83,505.17,109.2,179,43.4,3.71,18.88
2028-05-15,1961,1172,2.56,3510.08,1801.34,135.55,269,72.95,1.24,29.09
2028-05-16,1962,1228,4.51,6477.58,4009.76,103.0,69,51.83,4.02,83.03
2028-05-17,1963,1687,2.8,3860.75,1707.45,131.47,492,91.13,2.2,16.42
2028-05-18,1964,899,0.89,807.78,340.5,160.96,380,70.13,1.25,96.14
2028-05-19,1965,1202,1.41,1706.96,739.51,106.9,421,31.23,1.11,12.73
2028-05-20,1966,1240,3.16,4102.21,1645.02,106.04,301,86.17,3.9,43.04
2028-05-21,1967,1973,4.3,7861.06,3824.94,89.46,399,77.33,2.56,44.79
2028-05-22,1968,1967,4.31,7468.79,3430.67,111.4,307,38.98,1.38,53.48
2028-05-23,1969,1740,4.02,7521.13,3257.91,148.53,400,51.97,0.43,90.96
2028-05-24,1970,1493,1.11,1473.98,848.31,130.77,121,50.69,3.4,40.14
2028-05-25,1971,1729,0.54,805.41,518.05,94.65,200,37.92,0.51,71.49
2028-05-26,1972,1969,3.09,6530.91,4028.27,65.64,343,58.53,2.46,52.26
2028-05-27,1973,1293,0.91,1253.3,647.41,104.83,126,30.02,2.6,24.82
2028-05-28,1974,1696,4.84,8316.73,4929.1,96.99,145,57.31,1.5,54.98
2028-05-29,1975,1352,2.48,3666.57,2066.13,161.96,111,53.1,2.92,90.59
2028-05-30,1976,1286,0.78,1192.81,829.63,187.17,266,83.53,1.38,42.02
2028-05-31,1977,968,1.02,799.91,513.54,183.25,108,39.73,3.84,93.08
2028-06-01,1978,1690,3.49,5081.2,2047.66,95.44,475,60.08,0.82,60.56
2028-06-02,1979,1162,1.36,1562.94,738.55,191.56,74,52.87,1.56,49.2
2028-06-03,1980,996,1.36,1277.73,656.35,54.01,274,34.98,4.63,37.75
2028-06-04,1981,923,2.35,2300.95,1057.06,184.27,205,76.9,2.17,92.69
2028-06-05,1982,1027,3.37,3421.78,1662.91,160.85,86,88.68,1.8,37.67
2028-06-06,1983,1150,1.86,2377.43,1038.98,90.73,334,38.05,2.79,18.42
2028-06-07,1984,1178,4.9,6125.91,4239.56,192.17,81,50.64,1.6,33.46
2028-06-08,1985,1261,4.14,5084.91,3360.99,122.96,60,58.04,3.49,50.74
2028-06-09,1986,1081,4.98,5474.71,3606.39,186.41,426,38.49,2.19,25.59
2028-06-10,1987,1077,4.82,5420.8,2625.15,142.45,449,68.73,2.87,40.94
2028-06-11,1988,1558,1.0,1863.68,1201.81,104.25,193,44.25,2.3,24.9
2028-06-12,1989,1600,1.63,2342.38,1354.73,152.3,212,77.71,0.69,98.23
2028-06-13,1990,1208,1.78,2205.72,1036.78,110.46,64,79.55,1.89,65.15
2028-06-14,1991,1136,3.86,4088.35,2272.65,125.09,321,59.62,0.49,11.78
2028-06-15,1992,839,2.03,1515.33,960.47,116.89,333,83.41,3.48,57.85
2028-06-16,1993,1280,1.86,2491.18,1202.53,56.51,335,54.34,0.92,20.01
2028-06-17,1994,1341,4.55,6263.07,3083.42,189.63,275,33.1,1.72,68.9
2028-06-18,1995,1094,3.51,3850.4,2223.8,58.19,175,84.28,2.25,68.17
2028-06-19,1996,1720,1.71,2550.01,1417.24,141.41,470,46.09,3.58,36.4
2028-06-20,1997,1388,3.43,4194.4,1839.08,142.69,284,51.05,4.25,40.55
2028-06-21,1998,1536,4.41,8071.96,3758.3,52.44,61,53.95,3.4,68.89
2028-06-22,1999,1314,1.98,2130.85,1170.59,176.31,173,46.43,4.26,91.68
